t,phase,ax,ay,az,gx,gy,gz
0.015,REST,0,0,0,0,0,0
0.030,REST,0,0,0,0,0,0
0.051,REST,0,0,0,0,0,0
0.071,REST,0,0,0,0,0,0
0.079,REST,993,-24,-239,-7,-1,2
0.095,REST,3965,-125,-970,-11,-4,3
0.117,REST,3957,-144,-980,3,4,-1
0.125,REST,3944,-153,-962,4,5,-4
0.141,REST,3948,-183,-953,20,2,-5
0.159,REST,3946,-217,-963,23,1,-1
0.174,REST,3935,-187,-990,25,-5,2
0.189,REST,3942,-150,-1013,14,0,-1
0.206,REST,3928,-119,-1011,6,-6,-1
0.220,REST,3951,-146,-970,-7,-4,-2
0.236,REST,3953,-190,-933,2,-4,-1
0.252,REST,3966,-209,-930,21,-2,2
0.266,REST,3969,-197,-932,32,3,-4
0.282,REST,3961,-152,-972,25,4,-11
0.297,REST,3938,-118,-993,12,0,-10
0.312,REST,3939,-117,-988,11,-2,-4
0.327,REST,3929,-116,-976,2,-8,6
0.335,REST,3948,-106,-986,-8,-4,16
0.357,REST,3959,-111,-992,-22,0,14
0.363,REST,3932,-109,-969,-34,-3,2
0.376,REST,3933,-59,-966,-28,-3,2
0.397,REST,3934,-54,-978,-42,1,10
0.412,REST,3970,-138,-962,-50,2,3
0.424,REST,3975,-196,-954,-36,5,-5
0.444,REST,3941,-206,-955,-18,12,-4
0.455,REST,3926,-167,-967,-6,14,-1
0.476,REST,3951,-94,-984,-20,12,4
0.492,REST,3940,-133,-971,-43,11,7
0.505,REST,3951,-243,-916,-39,-2,-2
0.520,REST,3970,-270,-916,12,0,-17
0.537,REST,3980,-215,-947,29,9,-20
0.551,REST,3958,-179,-954,19,6,-12
0.567,REST,3942,-226,-946,17,2,-28
0.582,REST,3945,-190,-942,50,-2,-26
0.582,REST,3964,-151,-955,45,4,-26
0.601,REST,3960,-130,-956,14,6,-23
0.613,REST,3937,-134,-937,21,1,-22
0.629,REST,3956,-110,-935,19,4,-22
0.657,REST,3949,-92,-955,5,4,-25
0.671,REST,3950,-88,-949,-10,1,-23
0.679,REST,3946,-75,-958,-10,5,-18
0.693,REST,3940,-70,-985,-17,3,-13
0.710,REST,3939,-122,-984,-28,4,-7
0.726,REST,3945,-173,-981,-27,4,-10
0.744,REST,3947,-195,-964,-18,2,-13
0.762,REST,3943,-185,-952,7,2,-19
0.771,REST,3950,-147,-946,25,3,-20
0.787,REST,3977,-128,-945,24,9,-24
0.807,REST,3971,-152,-936,10,12,-29
0.818,REST,3942,-159,-931,28,9,-27
0.837,REST,3941,-147,-935,41,2,-20
0.852,REST,3944,-146,-927,40,0,-8
0.867,REST,3943,-101,-911,44,-6,-1
0.881,REST,3964,-39,-914,38,-1,-8
0.897,REST,3971,-29,-947,6,-4,-17
0.912,REST,3961,-33,-936,-30,4,-14
0.919,REST,3923,-83,-913,-18,-2,-12
0.936,REST,3954,-132,-937,2,-1,-2
0.950,REST,3938,-140,-953,-1,-3,5
0.972,REST,3948,-125,-970,-3,-7,-5
0.978,REST,3941,-83,-975,-10,-2,1
0.993,REST,3955,-95,-963,-20,-1,7
1.010,REST,3971,-110,-934,-27,-1,8
1.023,REST,3974,-164,-924,-29,3,7
1.039,REST,3944,-157,-926,2,1,13
1.055,REST,3943,-104,-967,14,1,17
1.077,REST,3933,-34,-978,5,-9,24
1.089,REST,3940,-19,-966,-25,-2,26
1.107,REST,3934,-77,-923,-50,-5,28
1.122,REST,3956,-125,-923,-54,3,26
1.136,REST,3962,-142,-916,-54,-3,24
1.166,REST,3946,-164,-938,-55,-9,13
1.168,REST,3967,-200,-938,-62,-5,5
1.182,REST,3979,-214,-937,-50,-1,1
1.198,REST,3982,-237,-923,-27,0,-11
1.201,REST,3944,-229,-939,10,2,-8
1.213,REST,3943,-192,-964,26,1,-4
1.230,REST,3931,-150,-950,38,-2,-10
1.251,REST,3969,-183,-976,28,7,-41
1.272,REST,3941,-226,-921,24,-2,-44
1.286,REST,3944,-124,-897,28,-11,-1
1.301,REST,3962,35,-902,37,-11,13
1.316,REST,3947,46,-982,-7,3,-1
1.332,REST,3950,-103,-955,-75,-3,-1
1.348,REST,3982,-203,-879,-51,-4,-1
1.361,REST,3953,-229,-882,16,-12,-2
1.373,REST,3950,-191,-931,41,-9,8
1.388,REST,3937,-132,-948,26,-11,9
1.405,REST,3953,-82,-945,1,-9,-3
1.418,REST,3965,-61,-944,-3,-4,-1
1.437,REST,3975,-105,-941,-11,-3,0
1.452,REST,3956,-177,-951,-26,-8,1
1.465,REST,3944,-242,-911,0,-8,-13
1.481,REST,3949,-172,-909,42,-6,-5
1.497,REST,3947,-99,-948,34,-2,-1
1.512,REST,3941,-97,-974,-10,-3,-1
1.512,REST,3941,-114,-965,-20,-9,1
1.541,REST,3954,-115,-961,-1,-7,-7
1.554,REST,3964,-118,-948,8,-7,-11
1.571,REST,3970,-90,-932,-6,-4,-3
1.587,REST,3938,-127,-928,-5,-5,5
1.591,REST,3943,-164,-937,16,-4,0
1.607,REST,3959,-137,-945,19,-2,-2
1.629,REST,3948,-79,-950,3,-2,5
1.640,REST,3946,-98,-949,-13,1,5
1.655,REST,3955,-117,-942,-5,-2,12
1.670,REST,3960,-149,-945,-8,-4,17
1.701,REST,3940,-160,-955,-17,-7,24
1.701,REST,3934,-104,-997,-28,-9,25
1.717,REST,3943,-94,-990,-63,-3,18
1.734,REST,3941,-133,-936,-61,-5,12
1.751,REST,3970,-170,-912,-30,-7,14
1.766,REST,4003,-195,-923,-2,7,5
1.780,REST,3952,-173,-919,11,10,10
1.813,REST,3929,-153,-966,-2,9,19
1.813,REST,3927,-150,-979,-24,-1,17
1.827,REST,3952,-170,-979,-32,-5,11
1.842,REST,3982,-180,-922,-18,-5,2
1.854,REST,3982,-146,-884,18,3,-5
1.872,REST,3960,-143,-929,25,7,-9
1.884,REST,3940,-197,-928,6,2,-16
1.900,REST,3944,-211,-934,2,8,-15
1.907,REST,3951,-234,-927,-1,6,-13
1.923,REST,3952,-181,-927,12,-1,-15
1.945,REST,3964,-127,-946,28,1,-25
1.954,REST,3955,-137,-927,30,1,-36
1.975,REST,3951,-150,-906,41,-2,-38
1.986,REST,3964,-129,-897,43,-1,-29
2.007,REST,3972,-121,-902,19,-2,-18
2.019,REST,3954,-125,-915,11,1,-14
2.033,REST,3941,-90,-929,18,-2,-10
2.052,REST,3927,-55,-915,17,-11,-6
2.067,REST,3957,-83,-909,2,-6,-3
2.081,REST,3963,-175,-912,-4,-8,-4
2.097,REST,3947,-192,-915,6,-11,8
2.097,REST,3968,-168,-932,1,-9,7
2.116,REST,3957,-113,-909,4,-8,3
2.128,REST,3967,-62,-927,-11,-8,-1
2.156,REST,3951,-72,-922,-39,-5,-3
2.169,REST,3958,-168,-940,-33,-7,-11
2.176,REST,3963,-237,-933,-27,-5,-11
2.191,REST,3951,-240,-934,6,-4,-8
2.207,REST,3951,-217,-939,29,-8,-6
2.232,REST,3961,-181,-954,39,-11,-9
2.241,REST,3958,-150,-952,44,-8,-13
2.273,REST,3959,-70,-932,25,-7,-9
2.273,REST,3949,-57,-937,7,-6,-10
2.286,REST,3953,-101,-924,-11,-3,-6
2.305,REST,3951,-159,-887,-2,-9,0
2.322,REST,3955,-184,-890,21,-11,-2
2.334,REST,3964,-130,-928,36,-11,-2
2.366,REST,3964,-120,-958,14,-2,-4
2.366,REST,3954,-142,-946,-10,-2,1
2.381,REST,3934,-174,-927,8,-10,8
2.397,REST,3958,-174,-933,29,-11,5
2.405,REST,3950,-164,-929,30,-17,1
2.413,REST,3970,-129,-929,17,-13,0
2.439,REST,3965,-125,-937,-1,-6,2
2.453,REST,3948,-135,-925,-15,-3,6
2.460,REST,3956,-146,-920,-13,-9,5
2.486,REST,3963,-156,-945,-8,-7,-4
2.492,REST,3948,-189,-941,-9,-6,-14
2.516,REST,3952,-238,-913,13,-6,-17
2.531,REST,3966,-243,-907,46,-7,-15
2.546,REST,3961,-186,-944,56,-6,-12
2.562,REST,3956,-147,-953,29,-8,-9
2.573,REST,3940,-130,-954,24,-10,-11
2.587,REST,3943,-127,-952,23,-12,-13
2.604,REST,3959,-101,-914,20,-11,-13
2.621,REST,3968,-137,-901,4,-8,-14
2.638,REST,3933,-158,-905,4,-19,-4
2.652,REST,3954,-145,-934,19,-13,-3
2.666,REST,3958,-86,-946,13,-14,-6
2.681,REST,3951,-62,-951,4,-12,-7
2.697,REST,3957,-65,-941,-14,-6,3
2.710,REST,3962,-135,-944,-23,-13,2
2.726,REST,3951,-166,-961,-3,-14,-2
2.728,REST,3942,-178,-979,5,-9,3
2.756,REST,3941,-148,-970,6,-6,4
2.760,REST,3953,-139,-971,0,-3,0
2.784,REST,3950,-176,-951,-11,-3,-5
2.793,REST,3970,-197,-942,0,-8,-9
2.814,REST,3968,-167,-944,9,2,-18
2.824,REST,3936,-143,-934,21,-3,-20
2.846,REST,3962,-143,-915,34,-1,-24
2.854,REST,3958,-142,-920,36,2,-23
2.870,REST,3945,-140,-925,20,-7,-12
2.886,REST,3953,-130,-918,11,-8,-7
2.906,REST,3949,-109,-931,19,-12,-8
2.917,REST,3957,-84,-933,8,-3,-5
2.933,REST,3954,-87,-927,-5,2,-5
2.951,REST,3947,-118,-912,-4,-3,-4
2.982,REST,3945,-140,-912,7,-12,6
2.982,REST,3973,-127,-937,12,-12,4
2.996,REST,3963,-131,-951,-5,-3,0
3.012,REST,3958,-106,-969,-27,1,5
3.012,REST,3944,-82,-969,-33,2,5
3.038,REST,3937,-144,-979,-18,-3,-2
3.056,REST,3949,-168,-949,-15,1,4
3.071,REST,3974,-144,-933,-14,7,5
3.086,REST,3968,-125,-936,-13,5,3
3.102,REST,3947,-117,-957,-15,4,4
3.117,REST,3948,-149,-995,-31,5,5
3.125,REST,3927,-192,-971,-42,4,7
3.140,REST,3943,-195,-941,-16,3,7
3.162,REST,3961,-171,-920,5,0,2
3.174,REST,3974,-148,-927,4,5,0
3.186,REST,3957,-147,-908,-13,4,2
3.207,REST,3948,-133,-909,-13,0,3
3.222,REST,3945,-161,-920,-13,0,2
3.237,REST,3974,-219,-903,-5,1,0
3.251,REST,3991,-248,-877,18,0,-4
3.267,REST,3978,-247,-886,40,5,-13
3.282,REST,3950,-199,-914,39,2,-17
3.297,REST,3957,-164,-939,11,-1,-18
3.312,REST,3963,-173,-940,14,-6,-19
3.327,REST,3957,-214,-936,32,-1,-19
3.338,REST,3955,-202,-906,55,2,-23
3.356,REST,3991,-122,-885,58,10,-29
3.371,REST,4008,-75,-889,28,21,-59
3.387,REST,3978,-72,-909,-51,55,-97
3.402,REST,4015,-170,-879,-94,78,-107
3.406,REST,3984,-255,-907,-60,68,-97
3.422,REST,3956,-299,-966,-41,40,-83
3.447,REST,3932,-374,-990,0,20,-75
3.455,REST,3993,-308,-1006,16,28,-75
3.491,REST,4019,-160,-968,2,55,-89
3.493,REST,4040,-49,-878,-33,96,-120
3.503,REST,3979,-17,-776,-99,156,-144
3.519,REST,4033,61,-695,-119,194,-174
3.535,REST,4072,75,-736,-185,281,-193
3.551,REST,4047,79,-716,-246,345,-219
3.567,REST,4009,-33,-717,-304,377,-215
3.580,REST,3946,-126,-778,-256,381,-207
3.596,REST,3940,-42,-735,-250,416,-170
3.611,REST,3933,63,-907,-348,414,-144
3.626,REST,3962,-237,-956,-533,464,-122
3.642,REST,3855,-594,-742,-624,489,-75
3.655,REST,3728,-525,-604,-393,329,-1
3.659,REST,3698,-365,-1041,-216,301,63
3.676,REST,3844,52,-1092,-194,349,59
3.702,REST,3861,229,-960,-323,352,61
3.705,REST,3959,258,-607,-663,398,65
3.723,REST,4235,294,-219,-830,442,92
3.737,REST,4422,225,-212,-905,612,86
3.755,REST,4230,108,7,-850,601,72
3.768,REST,4170,173,-116,-533,410,36
3.784,REST,4120,411,-504,-205,212,-12
3.802,REST,4040,822,-717,73,2,-42
3.819,REST,4105,886,-657,175,-160,-131
3.837,REST,4079,586,-416,424,-298,-163
3.848,REST,3977,447,-329,656,-397,-117
3.864,REST,3859,497,-521,722,-508,-9
3.880,REST,3704,590,-848,665,-674,70
3.894,REST,3726,954,-1215,437,-824,83
3.910,REST,3749,1208,-1308,-9,-915,73
3.926,REST,3940,827,-1020,-540,-1031,44
3.942,REST,3849,242,-738,-923,-975,137
3.956,REST,4003,1,-568,-1266,-756,278
3.971,REST,4208,-366,156,-1240,-510,290
3.975,REST,4252,-1048,440,-793,-320,247
3.990,REST,4063,-1621,200,-272,-93,264
4.010,REST,4074,-1250,-51,223,-41,263
4.021,REST,4343,20,-440,619,3,105
4.037,REST,4242,730,-879,495,11,8
4.056,REST,3903,871,-1217,120,-56,114
4.068,REST,3812,414,-1359,-234,-53,263
4.084,REST,3843,-412,-1325,-387,-145,293
4.100,REST,3917,-1070,-1228,-260,-182,209
4.116,REST,4061,-1041,-1015,8,-203,112
4.132,REST,4091,-429,-913,264,-169,24
4.150,REST,4022,-101,-976,304,-131,-5
4.164,REST,3886,-47,-993,241,-98,-4
4.181,REST,3903,-105,-965,214,-60,7
4.197,REST,3918,-317,-902,252,-61,10
4.212,REST,3934,-585,-947,304,-55,19
4.227,REST,3946,-557,-1002,393,-63,15
4.227,REST,3969,-291,-1038,402,-44,-12
4.257,REST,3915,-40,-1101,323,-48,-24
4.258,REST,3922,4,-1188,184,-54,-20
4.277,REST,3940,-131,-1209,117,-83,-23
4.290,REST,3991,-311,-1137,157,-90,-37
4.307,REST,3960,-498,-1047,220,-89,-48
4.321,REST,3871,-577,-966,307,-79,-54
4.345,REST,3901,-375,-945,360,-47,-68
4.359,REST,3898,-152,-1015,350,-46,-87
4.375,REST,3919,-73,-1095,279,-62,-89
4.386,REST,3926,-58,-1077,290,-63,-71
4.418,REST,3951,-18,-1098,323,-90,-36
4.418,REST,3968,34,-1039,305,-85,-6
4.436,REST,3982,65,-993,235,-71,0
4.449,REST,3959,15,-946,141,-68,-12
4.463,REST,3982,7,-935,104,-54,-13
4.482,REST,3920,19,-914,71,-69,2
4.496,REST,3889,68,-969,74,-52,11
4.512,REST,3891,139,-953,30,-29,20
4.526,REST,3908,157,-962,-37,-12,20
4.542,REST,3894,-27,-965,-69,-12,19
4.557,REST,3921,-248,-981,-24,-5,4
4.570,REST,4001,-391,-938,51,18,-3
4.578,REST,4034,-371,-914,113,33,6
4.599,REST,3990,-152,-1013,149,15,5
4.605,REST,3897,69,-1079,142,10,-18
4.632,REST,3845,69,-1120,106,6,-21
4.647,REST,3881,-26,-1090,66,1,2
4.661,REST,3977,-123,-1026,32,17,18
4.671,REST,3992,-289,-968,7,8,17
4.684,REST,3959,-418,-914,62,7,9
4.702,REST,3911,-378,-938,128,4,6
4.719,REST,3920,-184,-1018,182,29,-6
4.733,REST,3956,-45,-1053,129,33,-13
4.751,REST,4012,-36,-1054,59,27,-26
4.767,REST,3986,-157,-1019,12,28,-33
4.781,REST,3918,-244,-997,50,22,-25
4.797,REST,3936,-250,-984,58,24,-11
4.812,REST,3943,-256,-947,48,26,-18
4.826,REST,3910,-272,-926,53,16,-22
4.842,REST,3934,-225,-940,92,16,-25
4.845,REST,3962,-109,-968,99,11,-22
4.859,REST,3940,-29,-993,49,9,-22
4.876,REST,3934,-47,-1004,-25,8,-18
4.890,REST,3930,-161,-975,-39,11,-20
4.906,REST,3925,-211,-930,-5,3,-18
4.924,REST,3941,-162,-942,16,3,-7
4.937,REST,3968,-117,-954,2,12,-6
4.959,REST,3977,-114,-942,-34,15,-10
4.972,REST,3961,-122,-957,-41,6,-13
4.987,REST,3930,-130,-989,-40,11,-13
5.007,REST,3923,-98,-1003,-36,5,-6
5.021,REST,3906,-124,-998,-54,1,1
5.036,REST,3945,-147,-969,-90,2,6
5.052,REST,3971,-151,-943,-97,15,3
5.063,REST,3963,-170,-937,-98,20,-3
5.079,REST,3918,-180,-957,-70,11,0
5.096,REST,3910,-185,-988,-62,17,1
5.112,REST,3976,-212,-1014,-43,14,-7
5.127,REST,4012,-222,-957,-16,31,-18
5.139,REST,3954,-199,-934,23,16,-18
5.148,REST,3962,-189,-962,21,16,-21
5.159,REST,3962,-178,-970,28,20,-21
5.185,REST,3963,-118,-969,32,18,-21
5.190,REST,3923,-107,-950,18,18,-22
5.217,REST,3931,-98,-939,-1,5,-15
5.232,REST,3953,-122,-949,-11,4,-14
5.244,REST,3975,-151,-942,-9,8,-15
5.261,REST,3966,-170,-928,-9,10,-12
5.276,REST,3953,-167,-940,7,13,-14
5.292,REST,3932,-153,-962,26,13,-18
5.307,REST,3932,-133,-978,27,15,-21
5.322,REST,3931,-147,-970,24,12,-20
5.330,REST,3949,-120,-954,34,6,-14
5.347,REST,3957,-99,-933,24,4,-9
5.365,REST,3973,-65,-929,-8,4,-6
5.378,REST,3944,-89,-947,-28,7,-2
5.396,REST,3927,-120,-965,-18,-1,-3
5.412,REST,3921,-139,-942,-23,-9,3
5.429,REST,3955,-116,-932,-16,-10,6
5.440,REST,3986,-120,-930,-27,-8,4
5.457,REST,3977,-143,-923,-18,3,-1
5.472,REST,3953,-144,-927,-3,8,-3
5.487,REST,3926,-131,-924,9,7,-1
5.502,REST,3922,-134,-948,4,4,2
5.515,REST,3971,-131,-940,6,3,3
5.532,REST,3983,-111,-922,-4,4,2
5.547,REST,3964,-104,-927,-12,7,-1
5.562,REST,3953,-121,-934,-20,4,-1
5.577,REST,3959,-160,-912,-12,1,1
5.588,REST,3950,-180,-911,16,-9,2
5.598,REST,3944,-156,-934,47,-14,2
5.613,REST,3938,-148,-949,37,-10,1
5.634,REST,3947,-116,-947,32,-11,3
5.651,REST,3966,-115,-935,18,-1,4
5.660,REST,3964,-127,-926,0,-7,4
5.682,REST,3942,-166,-953,-6,-3,6
5.691,REST,3941,-153,-959,10,1,5
5.707,REST,3937,-153,-964,5,1,7
5.724,REST,3935,-180,-937,-3,-8,8
5.738,REST,3960,-205,-925,2,-7,9
5.757,REST,3976,-177,-917,27,-7,4
5.771,REST,3976,-143,-917,28,1,1
5.786,REST,3953,-115,-921,12,-7,2
5.801,REST,3937,-123,-943,-5,0,2
5.817,REST,3944,-152,-948,-19,0,2
5.818,REST,3942,-211,-933,-8,-7,1
5.848,REST,3959,-211,-924,13,-3,3
5.860,REST,3950,-160,-936,28,-12,3
5.864,REST,3965,-110,-959,11,-11,4
5.881,REST,3954,-111,-939,-13,-13,2
5.896,REST,3949,-169,-937,-12,-17,0
5.914,REST,3952,-199,-928,-18,-13,4
5.933,REST,3939,-174,-936,-4,-26,4
5.952,REST,3974,-156,-961,-9,-18,5
5.960,REST,3963,-194,-963,-16,-16,0
5.975,REST,3949,-234,-947,7,-16,-4
5.991,REST,3939,-198,-918,30,-9,-2
6.006,REST,3921,-138,-928,32,-22,2
6.023,REST,3956,-98,-949,4,-25,1
6.039,REST,3967,-120,-955,-35,-16,6
6.054,REST,3978,-169,-965,-43,-11,9
6.071,REST,3938,-203,-927,-38,-16,6
6.086,REST,3938,-184,-935,-11,-17,6
6.102,REST,3954,-176,-959,-9,-15,1
6.117,REST,3959,-178,-948,-25,-4,1
6.129,REST,3953,-197,-940,-20,-5,0
6.134,REST,3956,-212,-955,-9,-6,-2
6.160,REST,3944,-202,-951,19,-16,-1
6.164,REST,3959,-157,-969,33,-14,-4
6.182,REST,3958,-142,-974,3,-6,-7
6.197,REST,3942,-153,-955,-11,-10,-8
6.211,REST,3942,-169,-957,-17,-8,-4
6.227,REST,3956,-187,-935,-19,-8,-5
6.252,REST,3959,-192,-929,-2,-12,-9
6.264,REST,3950,-177,-950,14,-4,-11
6.282,REST,3944,-142,-946,27,-7,-11
6.297,REST,3961,-120,-941,13,-3,-7
6.312,REST,3964,-126,-932,-6,3,-3
6.327,REST,3955,-137,-935,-17,12,-6
6.338,REST,3958,-166,-940,-17,20,-10
6.357,REST,3969,-188,-942,-28,22,-7
6.369,REST,3947,-190,-945,-13,7,-4
6.385,REST,3953,-151,-943,3,8,-5
6.402,REST,3939,-124,-949,2,6,-8
6.416,REST,3940,-112,-951,-18,7,-9
6.432,REST,3944,-129,-960,-18,5,-8
6.432,REST,3937,-148,-964,-26,0,1
6.461,REST,3950,-162,-996,-19,-10,4
6.464,REST,3945,-181,-992,-28,-9,0
6.492,REST,3939,-191,-975,-24,-6,-6
6.497,REST,3975,-201,-952,-9,9,-15
6.513,REST,3993,-196,-932,6,12,-17
6.526,REST,3965,-215,-954,21,19,-19
6.545,REST,3933,-218,-962,27,17,-18
6.567,REST,3909,-186,-968,38,9,-14
6.574,REST,3935,-147,-978,25,4,-11
6.589,REST,3961,-123,-955,7,10,-15
6.605,REST,3974,-137,-904,-1,13,-18
6.623,REST,3983,-176,-911,8,20,-18
6.640,REST,3962,-185,-930,21,23,-16
6.653,REST,3933,-163,-949,31,21,-16
6.670,REST,3926,-146,-979,40,15,-16
6.686,REST,3963,-135,-971,27,10,-16
6.700,REST,3957,-144,-962,8,6,-11
6.716,REST,3952,-159,-947,0,8,-11
6.731,REST,3948,-168,-947,12,9,-11
6.731,REST,3950,-137,-938,10,10,-13
6.761,REST,3948,-145,-928,-4,2,-12
6.763,REST,3958,-158,-926,7,10,-14
6.792,REST,3960,-169,-921,10,9,-11
6.798,REST,3961,-150,-920,9,14,-11
6.811,REST,3957,-156,-917,15,14,-17
6.827,REST,3950,-151,-887,19,4,-16
6.845,REST,3970,-134,-899,24,12,-16
6.861,REST,3962,-105,-882,11,6,-13
6.875,REST,3962,-96,-878,4,10,-12
6.892,REST,3955,-112,-887,7,11,-13
6.926,REST,3948,-145,-891,6,5,-10
6.928,REST,3947,-151,-883,14,0,-6
6.939,REST,3958,-142,-884,21,-1,-1
6.954,REST,3961,-123,-887,22,6,2
6.970,REST,3979,-107,-916,7,3,-1
6.986,REST,3941,-126,-914,-1,4,-7
7.001,REST,3947,-173,-917,4,-10,-4
7.017,REST,3972,-172,-905,20,-8,1
7.017,REST,3972,-120,-912,15,-4,1
7.033,REST,3957,-100,-902,-4,-2,-6
7.061,REST,3955,-147,-915,-20,-10,-5
7.065,REST,3968,-192,-913,-20,-9,-3
7.082,REST,3952,-192,-884,19,-16,-2
7.107,REST,3938,-141,-897,32,-12,3
7.113,REST,3972,-87,-917,9,-3,6
7.136,REST,3978,-98,-921,-24,-4,2
7.145,REST,3979,-161,-924,-36,-1,2
7.162,REST,3945,-211,-900,-15,-12,3
7.175,REST,3948,-183,-932,12,-11,1
7.198,REST,3972,-145,-937,-5,-1,-3
7.208,REST,3943,-150,-926,-23,2,-7
7.225,REST,3941,-173,-923,-15,-5,-5
7.238,REST,3946,-186,-922,6,-8,-1
7.255,REST,3978,-174,-923,3,-7,-1
7.270,REST,3973,-127,-905,-9,-3,-1
7.287,REST,3943,-137,-913,-26,-6,-3
7.302,REST,3964,-154,-923,-13,-6,-4
7.317,REST,3983,-195,-907,1,0,-7
7.318,REST,3975,-192,-901,19,-2,-5
7.335,REST,3955,-173,-918,25,2,-6
7.362,REST,3916,-161,-940,10,-6,-1
7.364,REST,3921,-135,-950,11,-18,-3
7.380,REST,3968,-131,-915,-4,-13,-7
7.398,REST,3980,-154,-884,2,-12,-8
7.411,REST,3972,-168,-877,5,-16,-5
7.437,REST,3956,-170,-898,10,-18,-9
7.450,REST,3945,-165,-908,27,-25,-11
7.462,REST,3970,-156,-908,24,-23,-9
7.482,REST,3990,-154,-874,31,-14,-8
7.492,REST,3981,-139,-861,24,-13,-10
7.506,REST,3939,-131,-873,29,-19,-12
7.527,REST,3938,-104,-882,28,-14,-13
7.537,REST,3949,-82,-893,12,-14,-10
7.554,REST,3967,-100,-896,-16,-16,-1
7.569,REST,3972,-142,-873,-13,-20,9
7.586,REST,3958,-136,-894,-1,-19,9
7.600,REST,3949,-88,-899,-7,-22,6
7.616,REST,3950,-65,-923,-31,-25,7
7.632,REST,3961,-103,-925,-47,-21,6
7.634,REST,3968,-125,-899,-49,-19,8
7.662,REST,3973,-63,-880,-48,-22,17
7.668,REST,3955,-21,-932,-77,-19,34
7.681,REST,3943,-17,-1003,-124,-12,43
7.707,REST,3930,-115,-1031,-161,0,42
7.713,REST,3895,-236,-1018,-166,-6,41
7.727,REST,3912,-323,-989,-129,-12,41
7.743,REST,3954,-304,-965,-87,-7,35
7.762,REST,3992,-247,-970,-83,0,26
7.778,REST,3998,-234,-960,-86,3,17
7.794,REST,4002,-259,-955,-69,10,4
7.812,REST,3991,-299,-990,-31,11,-6
7.824,REST,3952,-316,-1024,-20,16,-15
7.838,REST,3917,-300,-1045,-19,-4,-19
7.853,REST,3921,-308,-1041,-17,-8,-26
7.870,REST,3926,-294,-1005,-9,-6,-31
7.885,REST,3937,-236,-940,3,4,-34
7.902,REST,3946,-167,-889,2,12,-41
7.916,REST,3972,-109,-859,1,22,-48
7.929,REST,4008,-80,-843,-8,27,-53
7.943,REST,3979,-162,-835,-18,23,-48
7.954,REST,3971,-208,-854,43,18,-41
7.976,REST,4016,-136,-880,79,30,-35
7.992,REST,3963,-61,-951,57,24,-42
8.007,RUN,3932,-98,-981,-7,22,-45
8.022,RUN,3934,-165,-963,-14,16,-47
8.027,RUN,3946,-198,-954,15,15,-52
8.044,RUN,3931,-197,-956,20,6,-47
8.063,RUN,3946,-171,-967,31,0,-43
8.074,RUN,3969,-164,-943,20,2,-46
8.097,RUN,3978,-152,-913,40,5,-51
8.107,RUN,3977,-119,-894,59,19,-57
8.127,RUN,3944,-81,-885,68,15,-56
8.138,RUN,3959,-57,-908,36,18,-51
8.154,RUN,3953,-82,-884,24,18,-51
8.169,RUN,3951,-77,-863,46,17,-52
8.186,RUN,3959,-53,-882,63,14,-47
8.201,RUN,3979,-29,-902,52,14,-38
8.217,RUN,3972,-43,-907,26,6,-29
8.217,RUN,3928,-100,-912,6,3,-27
8.234,RUN,3933,-94,-887,40,-7,-29
8.254,RUN,3956,-40,-862,59,-4,-26
8.264,RUN,3963,-2,-846,48,0,-29
8.279,RUN,3977,8,-833,6,-5,-25
8.305,RUN,3980,-24,-840,-13,-7,-21
8.312,RUN,3951,-69,-859,-22,-19,-15
8.326,RUN,3934,-54,-861,-3,-27,-7
8.343,RUN,3946,-36,-872,-7,-36,4
8.364,RUN,3986,-25,-853,-18,-35,5
8.375,RUN,4010,5,-819,-53,-24,1
8.397,RUN,3969,-46,-818,-73,-32,-5
8.408,RUN,3956,-133,-874,-64,-38,-1
8.424,RUN,3945,-153,-893,-36,-49,9
8.442,RUN,3963,-103,-925,0,-51,11
8.456,RUN,3977,-63,-898,-18,-43,9
8.470,RUN,3984,-45,-894,-45,-40,1
8.487,RUN,3966,-70,-901,-64,-39,-5
8.499,RUN,3949,-90,-920,-51,-33,-6
8.516,RUN,3940,-103,-913,-45,-25,-4
8.531,RUN,3963,-103,-922,-34,-23,-5
8.547,RUN,3946,-104,-921,-28,-27,-9
8.547,RUN,3947,-99,-978,-27,-41,-6
8.564,RUN,3946,-79,-967,-41,-42,-3
8.581,RUN,3951,-110,-960,-48,-36,-2
8.597,RUN,3956,-111,-928,-52,-23,0
8.610,RUN,3934,-110,-930,-38,-31,1
8.627,RUN,3964,-87,-966,-40,-29,0
8.643,RUN,3955,-89,-970,-42,-37,0
8.665,RUN,3947,-113,-1003,-63,-34,3
8.673,RUN,3918,-150,-959,-56,-36,2
8.696,RUN,3954,-111,-928,-29,-31,2
8.710,RUN,3977,-79,-929,-38,-16,0
8.721,RUN,3976,-57,-925,-46,-9,-7
8.742,RUN,3991,-52,-937,-44,-6,-13
8.757,RUN,3941,-71,-969,-33,-13,-20
8.768,RUN,3950,-77,-997,-35,-9,-18
8.787,RUN,3970,-132,-1002,-61,-11,-8
8.802,RUN,3937,-218,-997,-27,-24,-10
8.816,RUN,3937,-159,-976,7,-21,-12
8.832,RUN,3961,-37,-983,46,-23,-20
8.847,RUN,3936,25,-982,-6,-18,-25
8.862,RUN,3910,12,-936,-51,-26,-16
8.867,RUN,3940,-24,-884,-65,-24,-8
8.886,RUN,3968,-38,-872,-61,-28,-4
8.894,RUN,3990,5,-857,-61,-20,-6
8.912,RUN,3954,13,-850,-81,-21,-10
8.935,RUN,3958,-25,-900,-84,-27,-5
8.946,RUN,3965,-18,-945,-92,-24,10
8.965,RUN,3957,-72,-986,-86,-42,16
8.973,RUN,3930,-136,-993,-89,-39,21
8.997,RUN,3942,-147,-994,-69,-43,22
9.011,RUN,3938,-169,-1010,-61,-40,17
9.026,RUN,3931,-255,-1034,-65,-34,12
9.042,RUN,3954,-343,-1022,-12,-25,-2
9.053,RUN,3985,-319,-1028,85,-18,-20
9.068,RUN,3981,-259,-1051,135,-7,-35
9.084,RUN,3958,-212,-1069,149,-3,-46
9.100,RUN,3961,-160,-1074,170,1,-59
9.116,RUN,3968,-113,-1076,178,-4,-62
9.131,RUN,3918,-75,-1071,166,-6,-68
9.147,RUN,3921,-73,-1019,135,5,-71
9.147,RUN,4007,-127,-956,126,15,-75
9.166,RUN,4008,-104,-914,135,30,-85
9.178,RUN,3887,-65,-922,137,26,-88
9.194,RUN,3886,-3,-927,142,26,-85
9.210,RUN,3985,54,-892,129,32,-83
9.225,RUN,4095,58,-856,117,52,-88
9.242,RUN,4087,-46,-800,67,61,-85
9.266,RUN,4040,-201,-725,60,83,-80
9.282,RUN,4035,-283,-698,136,122,-93
9.297,RUN,4055,-194,-736,207,197,-132
9.312,RUN,4020,26,-785,184,254,-184
9.327,RUN,4011,257,-763,53,358,-239
9.339,RUN,4046,359,-624,-141,495,-304
9.356,RUN,4111,51,-427,-339,664,-370
9.369,RUN,4121,-418,-307,-309,764,-379
9.381,RUN,3958,-724,-344,-121,843,-343
9.397,RUN,3854,-666,-293,2,918,-343
9.429,RUN,3752,-445,-358,-140,906,-312
9.429,RUN,3327,-650,-872,-229,915,-214
9.445,RUN,3441,-833,-1052,-120,831,-163
9.463,RUN,4224,-607,-713,-176,947,-72
9.477,RUN,4454,334,-51,97,889,-80
9.491,RUN,4452,875,-219,71,942,17
9.493,RUN,4204,877,-385,105,827,112
9.517,RUN,4171,583,-1048,115,708,47
9.524,RUN,4107,540,-1123,183,364,-23
9.540,RUN,4302,913,-1394,504,-54,-77
9.566,RUN,4808,1120,-1649,672,-343,-91
9.578,RUN,4995,1172,-1425,590,-540,-91
9.597,RUN,5017,1000,-1045,556,-670,-40
9.605,RUN,5317,797,-589,378,-613,27
9.627,RUN,5907,552,76,-86,-327,40
9.636,RUN,6381,153,1122,-470,128,-9
9.656,RUN,5828,-350,1813,-309,631,-85
9.666,RUN,4941,-1040,2059,96,1175,35
9.687,RUN,4122,-1069,2217,638,1762,176
9.701,RUN,3663,-838,2477,1398,2289,165
9.714,RUN,3346,-777,2301,2025,2723,83
9.730,RUN,2741,-534,1960,2359,2930,-6
9.745,RUN,2199,163,1365,2333,2869,-195
9.761,RUN,2000,1033,634,1985,2687,-513
9.777,RUN,2245,1872,-199,1196,2252,-918
9.792,RUN,2740,2546,-1193,-161,1728,-1130
9.794,RUN,3200,2749,-1778,-1412,1547,-917
9.810,RUN,3579,2248,-1928,-1983,1418,-555
9.824,RUN,3901,1451,-1683,-2561,1367,-267
9.841,RUN,3999,647,-926,-2426,1039,-157
9.867,RUN,4090,231,-437,-1906,403,-98
9.873,RUN,4484,-111,-173,-1425,-299,-153
9.889,RUN,4886,-437,26,-1044,-973,-332
9.903,RUN,4570,-388,178,-749,-1664,-526
9.919,RUN,4215,-336,-199,-541,-2259,-624
9.942,RUN,4471,-294,-564,-264,-2530,-542
9.956,RUN,4458,-399,-1452,-309,-2645,-187
9.971,RUN,3398,-527,-1707,-143,-2747,64
9.982,RUN,2607,-541,-1236,96,-2896,352
10.000,RUN,2716,-762,-932,-398,-2705,535
10.013,RUN,2485,-1374,-456,-1124,-2250,530
10.031,RUN,2237,-1533,-226,-1429,-1874,440
10.045,RUN,2564,-1021,761,-1467,-1760,380
10.061,RUN,4053,335,2473,-1357,-1355,336
10.077,RUN,5751,1220,2614,-1459,-1014,319
10.092,RUN,6091,671,1447,-1564,-643,179
10.094,RUN,5040,-57,1235,-1084,-490,-137
10.110,RUN,4192,-675,844,-371,-673,-309
10.137,RUN,4318,-658,-296,452,-872,-106
10.140,RUN,5192,-265,-944,1335,-809,103
10.159,RUN,5954,-15,-878,1641,-788,107
10.172,RUN,7502,1165,-726,1909,-902,-166
10.189,RUN,8117,2999,-952,879,-678,-225
10.203,RUN,6789,2990,-641,-872,-366,91
10.220,RUN,6254,1163,139,-1870,-42,278
10.236,RUN,5926,-206,970,-1986,319,384
10.252,RUN,5497,-883,2058,-1389,840,287
10.268,RUN,5038,-1685,3001,-447,1448,123
10.284,RUN,4440,-2291,3476,838,2253,-60
10.300,RUN,3707,-2553,3263,2068,2992,-182
10.316,RUN,3120,-2401,2564,3016,3483,-205
10.333,RUN,2861,-1598,1557,3441,3782,-242
10.346,RUN,2641,-345,485,3315,3893,-344
10.351,RUN,2625,1162,-537,2649,3714,-627
10.374,RUN,3108,2806,-1550,1221,3227,-1023
10.381,RUN,3694,3590,-2350,-468,2489,-1309
10.396,RUN,3976,3694,-3017,-1814,2070,-1115
10.420,RUN,4417,2770,-2478,-2663,2049,-534
10.428,RUN,4434,934,-1636,-2462,1713,-117
10.447,RUN,3984,-428,-1060,-2153,1326,62
10.460,RUN,3752,-958,-148,-1611,498,61
10.482,RUN,4224,-682,25,-1079,-503,-80
10.496,RUN,4110,-447,-531,-584,-1325,-315
10.506,RUN,3514,-250,-786,95,-1970,-576
10.526,RUN,3377,-61,-741,680,-2504,-657
10.542,RUN,3533,48,-893,771,-2894,-492
10.555,RUN,3486,81,-845,620,-3019,-282
10.568,RUN,3159,55,-718,537,-3047,-120
10.587,RUN,2549,239,-913,56,-2969,168
10.600,RUN,1903,478,-773,-673,-2913,458
10.616,RUN,1847,660,-601,-1106,-2525,618
10.632,RUN,1868,-100,-631,-1362,-1971,664
10.638,RUN,1943,-1394,464,-1947,-1887,570
10.659,RUN,3404,-1497,2627,-1955,-1798,387
10.680,RUN,7261,-240,3650,-1953,-1264,268
10.680,RUN,8132,471,2970,-1070,-707,-259
10.696,RUN,6489,331,2434,-648,-401,-626
10.712,RUN,5479,-960,1838,-229,-225,-319
10.737,RUN,5269,-1051,94,278,-75,342
10.743,RUN,5434,-563,-965,1321,-205,537
10.760,RUN,6760,-216,-1192,2324,-438,90
10.776,RUN,6575,1058,-1774,2419,-619,-215
10.791,RUN,6385,3679,-2058,1225,-884,-214
10.805,RUN,6532,3153,-1626,-551,-632,164
10.822,RUN,5934,1531,-31,-1305,-353,342
10.838,RUN,5709,499,783,-1457,-107,331
10.855,RUN,5255,-401,1101,-1410,177,257
10.872,RUN,4579,-1223,1853,-832,771,107
10.886,RUN,3826,-1765,2445,-49,1399,-9
10.901,RUN,3029,-1947,2810,1005,2103,-36
10.916,RUN,2402,-1703,2638,1946,2610,-71
10.931,RUN,1953,-1225,2177,2459,2913,-85
10.947,RUN,1777,-459,1424,2569,3116,-98
10.948,RUN,1822,317,508,2522,3228,-170
10.969,RUN,2283,1063,-399,2263,3040,-331
10.980,RUN,3344,1332,-1532,1089,2450,-598
10.996,RUN,4720,1744,-2805,-489,1558,-655
11.019,RUN,5322,1831,-3098,-1152,1312,-40
11.026,RUN,4804,1701,-2300,-1447,1493,139
11.045,RUN,3989,589,-1159,-1134,1159,-45
11.058,RUN,4042,-12,-536,-1153,442,18
11.076,RUN,4936,-44,-127,-1110,-412,222
11.089,RUN,5132,-125,-12,-652,-1145,152
11.105,RUN,4348,-100,-62,14,-1884,-158
11.122,RUN,3973,57,-19,627,-2539,-368
11.136,RUN,4125,107,-29,958,-2945,-337
11.156,RUN,4236,85,-32,993,-3004,-300
11.170,RUN,3864,181,-268,686,-2838,-223
11.186,RUN,3158,422,-787,8,-2550,-13
11.199,RUN,2269,525,-845,-697,-2203,212
11.216,RUN,1572,280,-541,-977,-1909,475
11.232,RUN,1218,120,106,-894,-1517,590
11.246,RUN,1039,-41,670,-775,-1356,604
11.262,RUN,2533,174,1376,-806,-1052,340
11.271,RUN,5169,1000,1965,-1297,-1174,-5
11.279,RUN,6494,742,1399,-1709,-807,98
11.294,RUN,5447,-1309,547,-1328,-501,105
11.321,RUN,4778,-2766,776,-217,-572,15
11.328,RUN,5769,-2320,476,1385,-584,102
11.342,RUN,7417,-616,-156,2031,-337,20
11.358,RUN,7218,1007,-684,1835,-354,-139
11.375,RUN,7683,2054,-1493,1611,-357,-161
11.392,RUN,6631,2483,-1903,678,-183,-37
11.406,RUN,5680,2335,-1580,-61,-364,4
11.421,RUN,6027,1648,-642,-615,-175,91
11.437,RUN,6001,707,775,-978,152,97
11.453,RUN,5778,-734,2103,-841,720,86
11.470,RUN,4985,-1906,3033,49,1526,14
11.485,RUN,4046,-2150,3224,1305,2352,-40
11.500,RUN,3186,-1756,2660,2265,3052,-64
11.516,RUN,2486,-1049,1865,2654,3482,-156
11.531,RUN,2130,-364,1084,2730,3656,-357
11.547,RUN,1934,322,156,2559,3635,-617
11.552,RUN,1919,1043,-870,1889,3330,-810
11.570,RUN,2440,1622,-1510,888,2846,-1033
11.579,RUN,3109,1991,-1713,-104,2306,-1061
11.597,RUN,3992,2017,-1977,-1314,1979,-726
11.610,RUN,4887,1739,-1767,-1852,2006,-181
11.627,RUN,4589,1277,-1640,-2000,1864,152
11.646,RUN,3554,636,-1172,-2202,1436,312
11.658,RUN,3304,-183,-232,-2002,463,427
11.673,RUN,4196,-426,245,-1283,-541,337
11.689,RUN,4728,-557,139,-516,-1512,-16
11.706,RUN,4426,-652,-280,207,-2339,-431
11.721,RUN,4176,-343,-676,791,-2839,-647
11.740,RUN,4055,-62,-1007,1051,-3250,-628
11.757,RUN,4101,62,-813,1180,-3523,-569
11.770,RUN,3655,234,-753,1067,-3392,-512
11.786,RUN,2687,615,-884,634,-3087,-265
11.801,RUN,1868,1009,-965,-59,-2829,204
11.816,RUN,1584,787,-757,-677,-2489,707
11.831,RUN,1782,200,406,-1421,-1994,870
11.847,RUN,2311,-457,2098,-1718,-1589,782
11.862,RUN,3775,-660,2921,-1611,-1534,418
11.870,RUN,6083,-512,2647,-1300,-1460,47
11.880,RUN,6934,-79,1954,-488,-671,-16
11.895,RUN,5712,-1400,1980,-301,-321,-192
11.936,RUN,5425,-1805,1690,493,-223,34
11.936,RUN,5760,-387,62,1811,-5,273
11.943,RUN,6220,126,-1078,1905,9,152
11.960,RUN,6643,534,-1636,2171,-187,-113
11.974,RUN,6877,2437,-2220,1810,-326,-323
11.991,RUN,6175,3916,-2447,460,-529,-99
12.007,RUN,5825,3388,-2033,-548,-667,113
12.021,RUN,5833,2010,-1025,-1031,-632,194
12.037,RUN,5882,656,186,-1391,-461,126
12.053,RUN,5714,-795,1259,-1535,-159,30
12.070,RUN,4917,-2066,2120,-1101,404,25
12.084,RUN,3927,-2569,2795,-145,1171,135
12.100,RUN,3274,-2396,2867,978,1977,216
12.116,RUN,2954,-1887,2523,1675,2750,183
12.131,RUN,2618,-1261,2126,2049,3229,48
12.147,RUN,2373,-597,1591,2264,3371,-163
12.162,RUN,2334,22,707,2449,3367,-440
12.170,RUN,2439,526,-472,2310,3278,-676
12.180,RUN,3172,1099,-1535,1597,2981,-978
12.195,RUN,4429,1510,-2205,565,2606,-1106
12.211,RUN,5808,1474,-2203,-237,2464,-700
12.226,RUN,6039,1607,-1774,-1044,2507,-144
12.243,RUN,4798,1422,-1051,-1345,2166,-126
12.258,RUN,3615,985,-813,-1050,1359,-222
12.282,RUN,4070,738,-1022,-987,446,-55
12.297,RUN,4803,927,-1030,-1118,-292,-26
12.312,RUN,4296,1120,-745,-1178,-1050,-145
12.327,RUN,3508,1025,-425,-944,-1807,-277
12.341,RUN,3258,665,-336,-424,-2348,-298
12.352,RUN,3517,459,-139,58,-2615,-248
12.370,RUN,3638,274,-39,488,-2809,-206
12.387,RUN,3490,83,-55,596,-2973,-227
12.400,RUN,3179,-272,-46,405,-2954,-270
12.416,RUN,2620,-739,113,-98,-2620,-119
12.431,RUN,2038,-1347,509,-902,-1827,262
12.447,RUN,1166,-1790,775,-1443,-1169,839
12.462,RUN,255,-2096,-42,-1430,-1315,1253
12.477,RUN,1708,-1743,389,-864,-1377,1066
12.489,RUN,6728,674,2381,-207,-1142,283
12.493,RUN,7959,2639,1072,-469,-776,-201
12.514,RUN,4782,1899,-35,-781,-703,-165
12.525,RUN,5236,-621,102,-669,-469,-49
12.540,RUN,5838,-613,780,206,-472,71
12.558,RUN,7172,13,-115,986,-415,134
12.572,RUN,7471,780,-963,1217,-380,-56
12.588,RUN,6777,1757,-1648,1274,-492,-162
12.606,RUN,6443,2422,-1701,609,-574,-80
12.620,RUN,6725,2134,-876,-325,-386,-15
12.636,RUN,6867,1048,483,-942,52,-18
12.652,RUN,6590,-584,1722,-1119,650,-6
12.671,RUN,5785,-2122,2910,-488,1558,-6
12.685,RUN,4925,-3201,3569,566,2434,1
12.700,RUN,4147,-3013,3523,1814,3216,-13
12.716,RUN,3169,-1969,2849,2760,3756,-125
12.730,RUN,2324,-689,1732,3240,3983,-339
12.746,RUN,1906,485,509,3145,4022,-597
12.762,RUN,1914,1922,-930,2425,3845,-987
12.777,RUN,2389,3090,-1869,914,3505,-1246
12.778,RUN,2950,3535,-1680,-394,3206,-1267
12.794,RUN,3115,2900,-1500,-1220,2956,-953
12.809,RUN,3797,1516,-1680,-1990,2530,-102
12.825,RUN,4747,630,-1266,-2224,2113,565
12.842,RUN,3930,292,-875,-2071,1709,572
12.857,RUN,3122,196,-402,-2008,826,464
12.874,RUN,3508,-170,73,-1458,-209,345
12.897,RUN,4002,-452,234,-611,-978,69
12.905,RUN,3654,-496,188,303,-1828,-324
12.927,RUN,3404,-257,-199,1023,-2569,-660
12.942,RUN,3444,121,-536,1446,-3044,-749
12.957,RUN,3814,474,-387,1654,-3412,-659
12.973,RUN,3927,655,-522,1571,-3511,-405
12.987,RUN,3587,987,-1039,521,-3406,49
13.003,RUN,3065,1432,-1063,-636,-3331,500
13.015,RUN,2371,1230,-666,-1179,-3127,857
13.032,RUN,1714,581,90,-1530,-2803,1000
13.048,RUN,1079,-253,531,-1734,-2583,1119
13.062,RUN,604,-1642,360,-1711,-2429,1081
13.077,RUN,1640,-2219,1532,-1714,-2359,796
13.093,RUN,6842,-286,2819,-859,-1675,-65
13.107,RUN,9765,1496,2244,-669,-936,-484
13.122,RUN,5331,-514,1554,-933,-507,-373
13.137,RUN,6022,-3166,1617,290,-488,-59
13.150,RUN,6729,-1128,861,2119,-385,67
13.167,RUN,7674,324,-684,2093,-115,103
13.171,RUN,7453,744,-1092,2052,-364,-18
13.184,RUN,8264,2126,-2407,1706,-501,-204
13.202,RUN,6507,3171,-2428,543,-602,-27
13.216,RUN,6438,2787,-1193,-594,-586,61
13.232,RUN,6744,2032,418,-1319,-228,79
13.256,RUN,6522,216,1956,-1440,306,-11
13.271,RUN,5579,-1661,3098,-862,1130,-54
13.281,RUN,4344,-2424,3516,621,2032,-101
13.297,RUN,3234,-1859,3076,1977,2810,-179
13.316,RUN,2287,-941,2304,2575,3319,-264
13.328,RUN,1684,-196,1486,2563,3466,-443
13.342,RUN,1425,477,320,2111,3357,-694
13.361,RUN,1264,1015,-775,1585,3227,-891
13.376,RUN,1220,1507,-1491,1107,2966,-942
13.390,RUN,1947,1953,-1844,199,2685,-1096
13.408,RUN,3103,1765,-1823,-1002,2521,-1074
13.421,RUN,4463,1319,-1752,-2112,2247,-602
13.437,RUN,6291,882,-1316,-2544,2173,174
13.437,RUN,5723,577,-492,-2393,2213,219
13.462,RUN,3988,-113,476,-1891,1621,135
13.481,RUN,3282,-671,1109,-1036,253,312
13.496,RUN,3908,-890,1070,140,-740,345
13.512,RUN,4125,-626,540,1259,-1518,58
13.526,RUN,4178,-53,45,1915,-2300,-315
13.541,RUN,4172,692,-747,2004,-2824,-450
13.557,RUN,4146,1489,-1605,1564,-3096,-372
13.572,RUN,3889,2050,-1886,846,-3094,-244
13.586,RUN,3298,2002,-1667,-118,-3097,-11
13.602,RUN,2662,1740,-1110,-1145,-3116,227
13.617,RUN,1858,1222,-594,-1694,-3031,490
13.631,RUN,1405,372,-340,-1999,-2744,792
13.643,RUN,1334,-561,361,-2311,-2186,927
13.662,RUN,1090,-1471,807,-2497,-1560,1047
13.676,RUN,1280,-2927,1393,-2311,-1328,1003
13.690,RUN,4047,-3581,3209,-1808,-1054,407
13.707,RUN,9362,-2704,3686,-567,-872,-142
13.721,RUN,7706,-721,3074,1513,-68,-1005
13.737,RUN,5706,620,1509,2122,187,-760
13.746,RUN,5671,1065,495,2159,410,-161
13.761,RUN,6095,1408,-733,1602,300,-30
13.781,RUN,6420,583,-1355,1428,-35,61
13.795,RUN,7548,1813,-2200,1962,-469,17
13.802,RUN,7107,3835,-3370,489,-822,103
13.827,RUN,5938,3638,-2977,-1149,-1110,425
13.833,RUN,7227,1889,-1274,-2195,-1077,431
13.850,RUN,8229,-92,1099,-2351,-730,108
13.865,RUN,7925,-2306,2588,-1680,-155,-108
13.880,RUN,6085,-3296,3410,-334,756,-117
13.895,RUN,4311,-3452,4215,1512,1851,-163
13.911,RUN,2973,-2541,3819,2665,2807,-70
13.926,RUN,2165,-795,2956,3347,3331,-179
13.946,RUN,1657,698,1823,3408,3644,-484
13.959,RUN,1758,1683,969,2760,3745,-793
13.977,RUN,1565,1674,-239,2126,3534,-901
13.992,RUN,1675,1522,-2228,910,3383,-905
14.005,RUN,1711,1538,-2648,-684,3109,-960
14.021,RUN,1997,1785,-2114,-1595,2838,-913
14.036,RUN,3181,2080,-1367,-2158,2628,-736
14.052,RUN,4857,2000,-1042,-2609,2584,-348
14.068,RUN,5123,1683,-792,-2991,2519,37
14.075,RUN,4102,1138,200,-2963,2122,164
14.086,RUN,3257,-338,2301,-1884,1212,289
14.099,RUN,2856,-1640,3344,-211,-732,393
14.128,RUN,3613,-2389,-295,936,-2339,-234
14.142,RUN,3805,-1435,-2594,2623,-2681,-1001
14.156,RUN,4767,146,-2310,2737,-2756,-1214
14.163,RUN,5309,1156,-1895,715,-2953,-741
14.178,RUN,4738,2005,-1595,-383,-3061,-123
14.193,RUN,3418,2484,-538,-557,-3139,359
14.217,RUN,2854,1806,57,-673,-3491,608
14.225,RUN,2721,370,-458,-984,-3697,725
14.241,RUN,2192,-532,-534,-961,-3639,642
14.256,RUN,2124,-913,316,-612,-3297,506
14.277,RUN,2861,-1386,1276,-567,-2212,458
14.291,RUN,2475,-2303,1761,-632,-1398,610
14.306,RUN,1808,-2937,2207,-67,-1385,608
14.321,RUN,3467,-1980,3285,386,-1009,351
14.337,RUN,6911,1472,3233,1007,-724,-213
14.351,RUN,6976,5744,1649,1575,-263,-1071
14.367,RUN,6702,5965,2029,97,510,-851
14.377,RUN,14174,3668,5894,-3152,1896,-806
14.389,RUN,3570,-2523,-41,-1308,1369,16
14.408,RUN,1100,-3523,-2757,473,220,462
14.414,RUN,6008,-647,-2710,2894,-93,848
14.440,RUN,5917,2792,-4411,2372,-449,91
14.445,RUN,6435,5325,-3682,-319,-914,-82
14.471,RUN,5935,3121,-1971,-1324,-1238,55
14.487,RUN,6244,-108,-14,-415,-1264,281
14.502,RUN,6382,-1085,1150,226,-993,305
14.510,RUN,7345,-788,2194,97,-374,140
14.532,RUN,7019,-1374,2844,-48,253,-99
14.540,RUN,5521,-2399,3495,848,1342,-148
14.556,RUN,3685,-2006,3565,2109,2259,-116
14.576,RUN,2461,-277,3227,3117,2979,-160
14.590,RUN,1682,1603,1697,3079,3415,-295
14.604,RUN,1601,2326,45,1955,3776,-478
14.621,RUN,1902,2279,-883,781,4000,-616
14.637,RUN,2426,2134,-1089,-231,3825,-844
14.652,RUN,3175,1978,-1224,-1367,3560,-1076
14.667,RUN,4368,1728,-1216,-2746,3350,-936
14.682,RUN,5855,1205,-869,-3349,3267,3
14.690,RUN,5776,863,-159,-3050,3111,349
14.699,RUN,4137,240,267,-1886,2565,321
14.715,RUN,2858,-650,448,-1019,1566,328
14.731,RUN,3404,-1621,1251,-195,836,265
14.746,RUN,3788,-1943,1693,551,-15,2
14.771,RUN,3332,-1728,677,1117,-1101,-402
14.786,RUN,2886,-872,-361,1392,-1964,-706
14.793,RUN,3175,237,-726,1352,-2553,-742
14.809,RUN,3825,1157,-911,1457,-2899,-686
14.824,RUN,3829,1791,-1001,1343,-3071,-477
14.842,RUN,3066,2119,-804,880,-3321,-84
14.856,RUN,2604,2250,-605,101,-3606,429
14.872,RUN,2479,1993,-876,-753,-3834,871
14.890,RUN,2578,1381,-938,-1317,-3472,909
14.903,RUN,2004,370,-378,-1599,-2803,851
14.919,RUN,1614,-937,703,-2196,-2075,974
14.934,RUN,1030,-2494,937,-2211,-1292,1193
14.952,RUN,868,-3066,367,-1138,-1684,1014
14.967,RUN,3965,-3672,3560,-497,-1298,328
14.982,RUN,8582,-2187,3992,697,-1135,-713
14.997,RUN,6918,1440,175,2904,-203,-1045
14.997,RUN,4287,3516,459,1998,-140,-735
15.014,RUN,4369,966,-716,469,-213,162
15.032,RUN,5428,-466,-1572,606,-607,3
15.045,RUN,7025,204,-655,1932,-691,-86
15.063,RUN,7764,2089,-1610,1398,-1002,-367
15.077,RUN,9366,4580,-1975,-840,-972,-100
15.094,RUN,7671,1589,-945,-2110,-850,306
15.117,RUN,7866,-146,142,-1859,-740,296
15.124,RUN,7851,-812,1185,-1244,-259,236
15.141,RUN,7317,-1007,2849,-605,357,-2
15.158,RUN,6589,-1712,3508,130,1275,-221
15.171,RUN,5535,-2428,4018,1322,2520,-359
15.192,RUN,4389,-2279,4145,2391,3601,-421
15.205,RUN,3331,-1217,2972,2856,4333,-446
15.219,RUN,2531,917,1206,2282,4533,-621
15.235,RUN,1864,2354,-192,948,4411,-517
15.250,RUN,1790,2482,-1366,-93,4093,-563
15.267,RUN,1651,2198,-2506,-1299,3654,-628
15.283,RUN,1060,2145,-2722,-1864,3541,-469
15.297,RUN,1088,2378,-2079,-2130,3315,-424
15.312,RUN,2481,2036,-1352,-2189,2800,-384
15.327,RUN,4357,1032,-1352,-2381,2250,99
15.342,RUN,4823,836,-1180,-2492,1926,590
15.352,RUN,3782,-416,316,-1908,1210,539
15.359,RUN,2943,-1471,1581,-512,198,504
15.374,RUN,2603,-2280,1232,701,-813,301
15.397,RUN,2320,-2181,536,1650,-1516,-358
15.408,RUN,2689,-1121,504,2069,-1795,-822
15.423,RUN,3146,710,-333,1707,-1878,-936
15.445,RUN,3978,2778,-81,800,-1979,-550
15.461,RUN,4446,3418,916,564,-2318,16
15.477,RUN,3990,1781,654,170,-2648,614
15.486,RUN,3909,301,-88,-1006,-2684,725
15.501,RUN,3773,389,-698,-1729,-2377,493
15.517,RUN,3877,582,-392,-1564,-2252,352
15.533,RUN,3586,-124,662,-1298,-2359,280
15.549,RUN,3639,-1454,1569,-1498,-2334,287
15.564,RUN,4007,-2929,1917,-1524,-2082,496
15.581,RUN,5003,-3215,2652,-986,-1762,404
15.596,RUN,6895,-2619,3062,136,-814,147
15.612,RUN,7796,-1339,4103,859,546,-34
15.627,RUN,7874,-668,5526,1011,1488,104
15.627,RUN,4913,-626,2667,1453,933,-261
15.644,RUN,858,-116,-1091,2205,-270,-369
15.659,RUN,305,1226,-1704,3464,-785,-500
15.681,RUN,1970,2420,-829,2563,-1068,-385
15.701,RUN,3654,2952,-1009,1242,-1282,-87
15.707,RUN,4601,1220,-842,-508,-1105,183
15.725,RUN,4325,187,223,-1066,-1206,314
15.738,RUN,4899,240,982,-788,-1140,303
15.757,RUN,5689,699,1226,-537,-797,284
15.770,RUN,4939,784,1246,-472,-582,408
15.785,RUN,3992,308,785,-218,-503,432
15.806,RUN,3838,-24,109,-50,-354,275
15.821,RUN,4463,-82,3,87,-126,-90
15.832,RUN,5420,182,485,379,297,-441
15.849,RUN,4860,561,148,752,460,-501
15.865,RUN,3779,455,-533,1032,319,-321
15.883,RUN,3450,848,-844,1031,110,-206
15.896,RUN,3706,1587,-995,831,-99,-284
15.912,RUN,3753,1772,-1144,365,-231,-299
15.927,RUN,3840,1424,-892,-186,-290,-132
15.934,RUN,3858,1028,-455,-490,-274,83
15.944,RUN,3921,633,-300,-543,-248,146
15.959,RUN,3811,400,-133,-424,-222,128
15.984,RUN,3998,499,-74,-221,-202,67
16.001,RUN,4137,839,43,-66,-116,-28
16.006,RUN,3917,839,31,-26,-88,-69
16.022,RUN,3946,544,23,42,-52,-32
16.039,RUN,4044,261,123,139,24,29
16.054,RUN,4181,311,162,154,80,60
16.076,RUN,4295,668,-337,203,57,79
16.086,RUN,4398,997,-797,86,106,157
16.106,RUN,4500,822,-839,-293,258,271
16.117,RUN,4827,22,-440,-613,558,389
16.133,RUN,5086,-910,48,-685,883,555
16.151,RUN,5197,-1491,448,-501,1228,791
16.165,RUN,5132,-1363,1055,-55,1606,909
16.182,RUN,5324,-917,1731,564,1992,741
16.197,RUN,4985,-307,1778,537,2443,468
16.212,RUN,4304,90,1789,517,2578,139
16.227,RUN,3133,445,813,494,2156,25
16.227,RUN,1950,698,-1008,841,1158,-81
16.245,RUN,2107,1113,-1600,1253,597,-286
16.259,RUN,2313,1481,-2080,901,54,-366
16.275,RUN,2295,742,-1287,-76,-400,-171
16.302,RUN,2438,-154,-247,-616,-630,124
16.316,RUN,2602,-583,75,-1172,-741,393
16.324,RUN,2577,-627,-157,-1500,-909,340
16.346,RUN,2654,-490,-32,-1556,-1033,127
16.362,RUN,3616,-288,635,-1744,-905,-194
16.378,RUN,5879,412,1983,-2073,-264,-487
16.387,RUN,8440,464,3666,-2813,887,-799
16.407,RUN,7834,-940,4112,-2908,1562,-472
16.422,RUN,4733,-2393,2586,-2337,1585,442
16.433,RUN,1556,-1960,530,-1558,1152,1127
16.451,RUN,1462,-1540,418,-219,1444,757
16.465,RUN,3478,-1186,1146,35,1819,13
16.481,RUN,3637,415,1327,-85,1529,-687
16.497,RUN,3255,1453,1583,270,1472,-859
16.502,RUN,3517,2020,2110,-72,1701,-438
16.513,RUN,3547,1876,1668,-541,1864,-102
16.529,RUN,3267,1410,1835,-1099,2052,423
16.545,RUN,2733,198,2761,-1648,1992,482
16.564,RUN,2258,-1291,2187,-1682,1614,342
16.577,RUN,1880,-729,2122,-245,1703,-14
16.602,RUN,2602,-812,1879,266,1755,-18
16.609,RUN,3265,-868,2055,-222,1957,-175
16.626,RUN,3042,877,1780,-263,2222,131
16.642,RUN,2869,897,2280,-592,2359,347
16.655,RUN,2648,891,2307,-393,2089,192
16.675,RUN,2949,-137,1592,-406,2132,67
16.687,RUN,3070,-809,1829,-275,2104,70
16.703,RUN,2803,-1036,2113,58,2134,245
16.718,RUN,2213,-595,2483,75,2227,456
16.734,RUN,1496,20,2936,64,2164,690
16.751,RUN,1844,154,2849,-193,2066,697
16.765,RUN,2529,-96,2868,-396,1859,446
16.782,RUN,2626,-341,3140,-146,1847,246
16.798,RUN,2853,-207,3264,-69,1833,168
16.812,RUN,2392,-230,3708,164,1787,246
16.814,RUN,2340,-40,3782,106,1613,242
16.829,RUN,2852,41,3970,-183,1504,180
16.844,RUN,2667,-124,4081,-330,1412,154
16.860,RUN,2535,-637,3873,-400,1216,179
16.877,RUN,2248,-848,4002,-547,1039,-130
16.891,RUN,2331,-1385,4243,-526,811,310
16.908,RUN,2777,-1268,4389,-368,779,292
16.923,RUN,2721,-1222,4417,-152,799,158
16.940,RUN,2495,-961,4308,-121,681,153
16.955,RUN,1858,-1121,4432,-214,375,254
16.970,RUN,1923,-1284,4269,-253,189,334
16.987,RUN,2240,-1427,4347,-248,59,355
17.006,RUN,2017,-1604,4317,-143,-50,331
17.019,RUN,1671,-738,4276,-32,-67,293
17.034,RUN,1531,-992,4372,-42,-169,334
17.049,RUN,1392,-1044,4370,3,-313,286
17.066,RUN,1823,-959,4411,210,-328,139
17.081,RUN,1832,-718,4361,260,-398,-13
17.097,RUN,1545,-517,4390,197,-506,-80
17.112,RUN,1403,-575,4184,86,-630,-89
17.113,RUN,1444,-938,4055,111,-682,-111
17.128,RUN,1577,-1006,4284,169,-674,-138
17.144,RUN,1681,-877,4240,296,-736,-168
17.161,RUN,1812,-758,4239,319,-838,-247
17.176,RUN,1962,-642,4120,396,-909,-353
17.201,RUN,1975,-519,4098,338,-1055,-400
17.207,RUN,1954,-609,3870,260,-1213,-393
17.224,RUN,2137,-780,3868,253,-1309,-394
17.240,RUN,2348,-879,3764,353,-1358,-387
17.262,RUN,2469,-964,3607,420,-1434,-353
17.273,RUN,2521,-975,3488,491,-1518,-297
17.286,RUN,2615,-877,3411,590,-1588,-244
17.303,RUN,2689,-559,3428,670,-1656,-209
17.319,RUN,2664,-149,3090,728,-1767,-209
17.335,RUN,2682,-172,2931,743,-1867,-212
17.351,RUN,2695,-89,2834,837,-1953,-223
17.365,RUN,2905,-65,2880,812,-1909,-178
17.380,RUN,3092,-128,2636,785,-1953,-158
17.396,RUN,3112,-217,2432,771,-2006,-103
17.412,RUN,3101,-249,2261,862,-2013,-25
17.413,RUN,3067,-133,2096,894,-2044,73
17.428,RUN,3105,-15,2128,823,-2000,127
17.444,RUN,2940,137,2072,648,-2057,165
17.460,RUN,2876,322,2028,669,-1998,174
17.488,RUN,2905,336,2036,617,-2004,181
17.493,RUN,2972,387,1993,646,-1975,179
17.516,RUN,2946,458,1602,623,-2058,181
17.526,RUN,3102,576,1483,642,-1948,131
17.540,RUN,3221,426,1388,483,-1962,94
17.555,RUN,3125,277,1543,380,-2022,65
17.573,RUN,3180,130,1404,515,-2089,41
17.587,RUN,3383,-35,1281,600,-2018,123
17.603,RUN,3368,-206,1200,739,-1993,279
17.618,RUN,3196,-47,1228,833,-1957,482
17.636,RUN,3402,193,1092,927,-2018,491
17.650,RUN,3486,373,723,916,-1940,386
17.666,RUN,3273,574,881,831,-1901,279
17.683,RUN,3404,647,960,803,-2061,178
17.683,RUN,3590,529,704,787,-2050,68
17.708,RUN,3130,203,646,545,-2022,117
17.715,RUN,2913,-172,692,726,-2076,284
17.739,RUN,3803,140,1061,645,-1853,345
17.745,RUN,4806,410,1170,125,-1476,445
17.764,RUN,4626,220,888,-547,-1081,519
17.777,RUN,3437,-362,209,-407,-1198,544
17.795,RUN,3474,-846,-247,266,-1257,385
17.810,RUN,4332,-1050,-249,501,-1067,258
17.832,RUN,4533,-990,-457,781,-1029,238
17.841,RUN,4313,-958,-744,981,-949,300
17.856,RUN,3900,-584,-485,1211,-804,349
17.873,RUN,3759,229,-655,1326,-767,269
17.888,RUN,4059,506,-896,753,-698,170
17.905,RUN,4766,-133,-1283,97,-530,149
17.921,RUN,4211,-1079,-1452,184,-340,131
17.936,RUN,3689,-1235,-1327,485,-222,124
17.951,RUN,3929,-755,-1359,449,-143,55
17.967,RUN,4048,-572,-1351,270,-89,-3
17.974,RUN,3900,-211,-1470,242,-25,-31
17.983,RUN,4035,-37,-1522,103,51,-67
18.004,RUN,4110,-124,-1455,-127,31,-79
18.016,RUN,3976,-671,-1420,-210,-9,-58
18.040,RUN,3781,-854,-1394,-102,26,-24
18.055,RUN,3745,-660,-1242,-90,69,-23
18.070,RUN,3992,-425,-1027,-124,137,-92
18.087,RUN,4279,-217,-875,-282,236,-177
18.096,RUN,4225,-211,-776,-450,326,-216
18.117,RUN,4132,-221,-778,-477,408,-260
18.126,RUN,3985,-138,-948,-560,503,-280
18.146,RUN,3858,-122,-1042,-793,585,-276
18.158,RUN,3937,-270,-967,-1120,719,-269
18.173,RUN,4241,-594,-512,-1282,1042,-325
18.188,RUN,4341,-897,-251,-1396,1400,-371
18.207,RUN,4534,-746,43,-1359,1670,-517
18.219,RUN,4611,-507,214,-1455,1826,-689
18.236,RUN,3542,-665,-638,-1513,1516,-532
18.251,RUN,2616,-744,-1335,-830,1233,-400
18.268,RUN,3169,-476,-870,-683,1254,-256
18.283,RUN,4143,-342,38,-994,1600,-285
18.298,RUN,5570,-284,1323,-1124,2180,-406
18.312,RUN,4996,-550,1497,-1346,2219,-234
18.327,RUN,3222,-752,922,-1384,1872,96
18.338,RUN,2671,-589,625,-240,1730,123
18.344,RUN,3126,301,720,308,2066,-133
18.360,RUN,3759,1328,981,-118,1949,-405
18.377,RUN,4009,1662,665,-993,1910,-416
18.394,RUN,3424,853,887,-1523,1488,-165
18.408,RUN,3527,245,1195,-1517,1221,-157
18.427,RUN,3838,-34,1656,-623,1261,-231
18.440,RUN,3968,240,1589,-489,1458,-277
18.461,RUN,3639,798,1483,-726,1641,-192
18.477,RUN,3473,74,1767,-1076,1858,161
18.488,RUN,3331,-1146,2009,-1300,1836,310
18.504,RUN,2770,-726,2346,-678,1647,292
18.518,RUN,2568,301,2008,-316,1691,144
18.534,RUN,2816,562,2026,-335,1580,62
18.552,RUN,3348,492,2053,-361,1584,-63
18.566,RUN,3486,443,2026,-255,1691,-44
18.582,RUN,3260,83,2196,-305,1692,176
18.598,RUN,3077,-295,1750,-682,1730,442
18.609,RUN,2653,267,2145,-479,1642,501
18.614,RUN,2179,1390,3039,-418,1505,324
18.630,RUN,2331,1233,2490,-907,1542,291
18.647,RUN,1960,542,2742,-1130,1626,161
18.663,RUN,1541,-989,3074,-1049,1626,279
18.678,RUN,1835,-1041,3309,-100,1722,486
18.695,RUN,2542,-817,2749,14,1803,539
18.709,RUN,3027,-912,2404,-38,1723,465
18.726,RUN,3277,-916,2333,265,1837,441
18.741,RUN,3283,-815,2574,247,1776,124
18.757,RUN,2772,201,2800,403,1868,380
18.774,RUN,2346,912,2914,-68,1783,351
18.788,RUN,1993,786,3466,-651,1515,490
18.804,RUN,2289,40,3403,-710,1406,289
18.820,RUN,2735,-703,3607,-660,1315,123
18.837,RUN,2749,-714,3835,-418,1378,203
18.851,RUN,2471,-1046,3979,-203,1294,161
18.868,RUN,2586,-1034,3765,-124,1227,105
18.883,RUN,2129,-837,3647,-220,1045,-36
18.898,RUN,2031,-653,3703,-434,839,41
18.909,RUN,1452,-495,3870,-737,694,142
18.914,RUN,1372,-1271,4211,-950,569,240
18.947,RUN,1665,-1762,4094,-756,417,314
18.947,RUN,1696,-2233,4299,-247,474,254
18.970,RUN,1412,-1506,4532,16,392,233
18.978,RUN,1398,-1121,4430,-126,152,218
18.996,RUN,1390,-895,4370,-151,55,171
19.013,SQUAT,1219,-1151,4418,-140,-99,248
19.025,SQUAT,1451,-1356,4435,-153,-330,101
19.042,SQUAT,1805,-1245,4580,89,-225,27
19.057,SQUAT,1627,-930,4561,176,-240,-10
19.073,SQUAT,1684,-897,4662,201,-386,-185
19.092,SQUAT,1816,-819,4654,232,-525,-414
19.104,SQUAT,1673,-709,4396,161,-676,-515
19.122,SQUAT,1707,-938,4181,69,-825,-533
19.135,SQUAT,1973,-1402,4248,72,-944,-544
19.151,SQUAT,2143,-1615,4082,246,-1023,-528
19.167,SQUAT,2323,-1608,4030,379,-1117,-492
19.183,SQUAT,2390,-1252,3890,411,-1234,-450
19.183,SQUAT,2378,-1065,3855,461,-1334,-444
19.210,SQUAT,2303,-895,3593,461,-1517,-432
19.226,SQUAT,2249,-721,3362,502,-1632,-431
19.242,SQUAT,2414,-519,3527,492,-1704,-439
19.246,SQUAT,2504,-328,3579,634,-1647,-434
19.262,SQUAT,2532,-558,3340,591,-1717,-397
19.287,SQUAT,2646,-655,3281,697,-1743,-379
19.295,SQUAT,2666,-450,3029,889,-1761,-356
19.316,SQUAT,2671,-132,2824,931,-1812,-311
19.327,SQUAT,2672,136,2640,949,-1892,-297
19.342,SQUAT,2729,249,2563,948,-1953,-301
19.358,SQUAT,2845,168,2450,903,-1940,-257
19.376,SQUAT,2908,72,2394,921,-1951,-231
19.392,SQUAT,2914,-21,2284,885,-1993,-173
19.406,SQUAT,2890,-15,2133,935,-2040,-103
19.422,SQUAT,3013,23,1858,974,-2079,-8
19.424,SQUAT,3081,259,1753,988,-2047,7
19.451,SQUAT,3144,583,1605,887,-2041,30
19.465,SQUAT,3261,577,1474,736,-2001,-10
19.480,SQUAT,3224,655,1530,615,-2023,-33
19.497,SQUAT,3177,592,1518,564,-2121,-72
19.513,SQUAT,3225,471,1238,536,-2157,-45
19.528,SQUAT,3211,403,1201,470,-2132,-68
19.543,SQUAT,3270,408,1066,605,-2029,-31
19.550,SQUAT,3312,393,1020,593,-2037,31
19.565,SQUAT,3264,300,896,682,-2027,126
19.581,SQUAT,3274,170,754,629,-2103,208
19.601,SQUAT,3417,75,789,637,-2119,179
19.612,SQUAT,3445,9,1235,642,-2061,193
19.631,SQUAT,3191,-118,1147,666,-2126,340
19.644,SQUAT,3185,-285,567,997,-1987,405
19.660,SQUAT,3674,279,671,1159,-1876,429
19.676,SQUAT,3926,772,733,913,-1683,457
19.690,SQUAT,3776,747,708,567,-1650,456
19.708,SQUAT,3627,308,607,332,-1598,350
19.722,SQUAT,3454,-395,65,287,-1610,323
19.723,SQUAT,3745,-789,-335,183,-1520,410
19.740,SQUAT,4208,-684,-163,407,-1481,587
19.762,SQUAT,4378,-321,-482,550,-1297,474
19.782,SQUAT,4557,153,-464,543,-1042,318
19.797,SQUAT,4962,205,-193,157,-785,179
19.811,SQUAT,4952,-138,-51,-76,-486,38
19.828,SQUAT,4254,-636,-535,96,-438,34
19.835,SQUAT,3769,-973,-1065,607,-338,26
19.849,SQUAT,3595,-638,-1329,748,-264,72
19.872,SQUAT,3614,-13,-1188,498,-284,191
19.886,SQUAT,4484,332,-1167,159,-235,8
19.897,SQUAT,4241,61,-1012,-206,-181,-50
19.913,SQUAT,4154,-468,-947,-323,-131,-48
19.933,SQUAT,4059,-1015,-1021,-147,-62,-41
19.945,SQUAT,3956,-937,-1159,154,-17,-42
19.962,SQUAT,3879,-454,-1425,305,26,-80
19.977,SQUAT,3868,-157,-1625,179,29,-113
19.992,SQUAT,3928,-98,-1466,-16,18,-141
20.007,SQUAT,4053,-145,-1290,-88,21,-163
20.022,SQUAT,4091,-284,-1108,-137,61,-158
20.035,SQUAT,4073,-361,-987,-126,137,-130
20.040,SQUAT,4030,-225,-994,-45,223,-128
20.055,SQUAT,3826,-45,-1190,-130,296,-146
20.075,SQUAT,3958,282,-1049,-228,343,-256
20.102,SQUAT,3813,157,-1251,-558,308,-216
20.112,SQUAT,3957,-29,-1202,-739,363,-201
20.119,SQUAT,4012,-335,-1019,-853,440,-151
20.135,SQUAT,4200,-611,-808,-890,537,-115
20.150,SQUAT,4503,-605,-476,-761,673,-141
20.166,SQUAT,4535,-448,-289,-591,816,-250
20.181,SQUAT,4157,-481,-398,-307,887,-321
20.198,SQUAT,3935,-351,-372,-37,885,-328
20.214,SQUAT,3862,-120,-328,32,835,-336
20.231,SQUAT,3813,-17,-450,79,820,-295
20.246,SQUAT,3860,-17,-322,56,876,-227
20.261,SQUAT,3935,120,30,-21,867,-210
20.276,SQUAT,4572,560,248,-155,921,-298
20.292,SQUAT,4348,583,88,-527,1164,-318
20.308,SQUAT,3659,352,-1,-936,1129,-186
20.316,SQUAT,3261,465,158,-1280,1020,-16
20.329,SQUAT,3277,625,539,-1540,1200,161
20.339,SQUAT,3722,447,1109,-1924,1558,330
20.363,SQUAT,4425,241,1733,-2336,1845,486
20.376,SQUAT,4665,254,2247,-2279,1761,398
20.395,SQUAT,3287,-147,791,-1736,1367,286
20.412,SQUAT,2656,-1135,108,-609,1464,289
20.436,SQUAT,3209,-919,1248,-10,1864,291
20.436,SQUAT,3819,-3,1879,40,2298,235
20.457,SQUAT,3783,521,1409,77,2639,408
20.472,SQUAT,3367,723,1510,25,2570,293
20.486,SQUAT,3053,501,2600,247,2534,116
20.503,SQUAT,2598,725,1763,791,2438,-67
20.514,SQUAT,2417,1417,958,754,2720,129
20.531,SQUAT,2790,1774,795,-300,2672,123
20.547,SQUAT,2656,1076,1802,-1246,2512,42
20.563,SQUAT,2560,194,1105,-1770,2409,198
20.577,SQUAT,2064,701,2284,-372,2625,114
20.592,SQUAT,2163,286,2568,-659,2218,68
20.606,SQUAT,2607,329,1930,-602,2197,43
20.613,SQUAT,2476,5,2187,-883,2337,56
20.637,SQUAT,2424,-354,2653,-768,2233,197
20.642,SQUAT,2967,-949,2109,-608,2222,398
20.668,SQUAT,3161,-1182,2361,-355,2099,490
20.674,SQUAT,3301,-1064,2611,-209,2164,528
20.687,SQUAT,3361,-592,2724,-322,2088,506
20.713,SQUAT,2906,-379,3263,-355,1990,528
20.724,SQUAT,2600,-128,3271,-454,1842,555
20.735,SQUAT,2845,-227,3709,-670,1671,555
20.755,SQUAT,3012,-630,3671,-692,1618,328
20.773,SQUAT,2692,-1076,3815,-596,1456,357
20.785,SQUAT,2665,-1614,4181,-341,1320,422
20.799,SQUAT,2684,-1502,4019,-109,1191,70
20.815,SQUAT,2373,-667,4341,-244,995,222
20.831,SQUAT,2112,-226,4348,-424,863,221
20.847,SQUAT,2105,37,4269,-519,717,316
20.847,SQUAT,2340,-646,4380,-521,628,184
20.864,SQUAT,2196,-1131,4495,-298,536,70
20.879,SQUAT,2094,-1382,4662,-156,394,-20
20.901,SQUAT,1705,-1433,4588,-53,224,-50
20.913,SQUAT,1542,-1641,4497,-16,31,-41
20.927,SQUAT,1603,-1581,4474,132,-31,-44
20.949,SQUAT,1567,-1405,4548,132,-180,-38
20.959,SQUAT,1572,-1344,4581,170,-369,-65
20.977,SQUAT,1710,-1130,4589,269,-468,-158
20.991,SQUAT,1679,-812,4523,300,-599,-245
21.007,SQUAT,1559,-828,4390,242,-793,-272
21.025,SQUAT,1626,-1009,4286,257,-943,-293
21.039,SQUAT,1772,-1169,4111,318,-1058,-321
21.055,SQUAT,1908,-1131,4023,450,-1101,-339
21.071,SQUAT,1979,-1052,3924,587,-1167,-345
21.087,SQUAT,2095,-884,3866,654,-1247,-361
21.088,SQUAT,2150,-709,3873,689,-1331,-350
21.114,SQUAT,2167,-451,3679,789,-1397,-327
21.132,SQUAT,2196,-260,3533,773,-1507,-325
21.134,SQUAT,2321,-217,3579,802,-1576,-355
21.161,SQUAT,2457,-129,3471,833,-1668,-363
21.166,SQUAT,2699,-162,3232,831,-1671,-380
21.184,SQUAT,2810,-269,3143,878,-1703,-358
21.208,SQUAT,2878,-144,2921,960,-1726,-325
21.222,SQUAT,2826,42,2792,979,-1820,-269
21.232,SQUAT,2762,142,2505,953,-1921,-189
21.246,SQUAT,2826,190,2547,940,-1991,-164
21.262,SQUAT,3093,136,2418,795,-2078,-161
21.281,SQUAT,3343,67,2457,738,-2112,-165
21.293,SQUAT,3471,101,2139,770,-2136,-107
21.313,SQUAT,3441,83,1760,795,-2145,-11
21.328,SQUAT,3345,125,1701,791,-2139,73
21.342,SQUAT,3176,309,1416,793,-2204,125
21.357,SQUAT,3143,511,1425,754,-2144,143
21.372,SQUAT,3107,711,1442,639,-2209,108
21.388,SQUAT,3111,741,1319,589,-2242,38
21.397,SQUAT,3126,799,1062,612,-2289,-26
21.414,SQUAT,3276,664,932,378,-2241,-17
21.432,SQUAT,3299,496,1231,399,-2236,18
21.446,SQUAT,2946,172,923,547,-2363,147
21.460,SQUAT,2965,362,754,750,-2204,178
21.477,SQUAT,3107,568,780,653,-2169,126
21.484,SQUAT,3109,471,924,718,-2113,152
21.508,SQUAT,3256,266,1169,705,-2168,269
21.514,SQUAT,3408,65,1003,524,-2116,397
21.530,SQUAT,3402,132,969,239,-1977,483
21.545,SQUAT,3077,188,682,682,-2091,330
21.563,SQUAT,3351,415,256,815,-2113,111
21.581,SQUAT,3797,670,315,515,-1908,33
21.596,SQUAT,4034,439,183,-27,-1817,108
21.611,SQUAT,4430,-331,255,-403,-1686,240
21.625,SQUAT,4534,-1237,343,-432,-1413,481
21.642,SQUAT,5183,-805,790,179,-877,359
21.657,SQUAT,5080,-50,556,480,-414,235
21.673,SQUAT,4690,468,238,472,-130,19
21.675,SQUAT,4092,213,-157,393,-41,-142
21.703,SQUAT,3886,-258,-664,689,-51,-287
21.715,SQUAT,3609,-390,-1155,976,-38,-173
21.721,SQUAT,3449,-96,-1263,775,-14,102
21.736,SQUAT,4591,623,-1234,521,-27,94
21.753,SQUAT,4140,531,-1215,32,14,32
21.778,SQUAT,3902,69,-1017,-423,-86,-7
21.791,SQUAT,4044,-529,-778,-395,-46,-54
21.800,SQUAT,4025,-658,-626,52,20,-95
21.822,SQUAT,3966,-424,-797,445,67,-86
21.833,SQUAT,4043,-85,-929,399,77,-75
21.848,SQUAT,4043,323,-921,246,92,-106
21.867,SQUAT,4014,441,-954,62,80,-121
21.882,SQUAT,4072,257,-941,-78,54,-118
21.897,SQUAT,4151,-34,-704,-188,77,-98
21.912,SQUAT,3968,-255,-541,-53,86,-76
21.928,SQUAT,3873,-284,-555,182,88,-53
21.949,SQUAT,3983,7,-597,217,100,-28
21.949,SQUAT,4049,362,-628,109,95,-47
21.959,SQUAT,3990,644,-586,-24,106,-86
21.988,SQUAT,4053,797,-520,-127,121,-149
22.002,SQUAT,4073,456,-585,-322,126,-170
22.016,SQUAT,3960,-50,-451,-413,50,-146
22.032,SQUAT,3877,-394,-471,-97,-31,-94
22.047,SQUAT,3972,-164,-593,89,-20,-28
22.056,SQUAT,4044,309,-474,33,24,-27
22.070,SQUAT,4024,657,-427,-173,29,-68
22.085,SQUAT,4048,698,-393,-429,60,-75
22.108,SQUAT,4165,506,-232,-634,93,-84
22.118,SQUAT,4038,129,-375,-546,45,-78
22.137,SQUAT,3798,-102,-546,-288,29,-44
22.151,SQUAT,3937,142,-467,-194,49,-38
22.165,SQUAT,4044,363,-395,-295,84,-38
22.180,SQUAT,4133,618,-340,-313,118,-105
22.196,SQUAT,4092,744,-333,-425,191,-122
22.212,SQUAT,4055,767,-366,-621,237,-99
22.226,SQUAT,4210,655,-510,-767,279,-86
22.229,SQUAT,4055,202,-653,-897,324,-29
22.244,SQUAT,4037,-170,-538,-895,401,4
22.272,SQUAT,4207,-461,-401,-771,533,11
22.277,SQUAT,4405,-568,-182,-534,750,-31
22.291,SQUAT,4561,-336,73,-356,785,-146
22.316,SQUAT,3859,47,-225,-230,675,-215
22.324,SQUAT,3532,543,-381,7,571,-254
22.339,SQUAT,3713,767,-475,-216,586,-239
22.357,SQUAT,4125,589,-203,-496,720,-122
22.377,SQUAT,4826,303,186,-726,1111,17
22.392,SQUAT,4541,13,395,-953,1379,171
22.403,SQUAT,3563,-387,499,-878,1408,167
22.419,SQUAT,3207,-159,844,-604,1345,22
22.437,SQUAT,3696,675,1435,-451,1306,-201
22.453,SQUAT,3774,1053,1267,-962,1309,-130
22.467,SQUAT,3847,655,1563,-843,1522,-25
22.482,SQUAT,4169,263,1527,-580,2018,61
22.489,SQUAT,3523,-302,1321,-601,1860,177
22.499,SQUAT,3024,159,1619,-234,1611,143
22.516,SQUAT,2936,277,807,152,1605,-19
22.543,SQUAT,3695,893,612,323,1787,-100
22.548,SQUAT,4274,1345,660,-194,2037,-201
22.582,SQUAT,3978,919,591,-445,2316,11
22.582,SQUAT,3435,121,1009,-672,2198,309
22.593,SQUAT,3005,-317,1923,-657,2137,370
22.616,SQUAT,2895,-522,1947,-267,2245,525
22.625,SQUAT,2270,695,1961,-79,1987,394
22.648,SQUAT,2253,1228,2126,-304,1811,179
22.663,SQUAT,2811,1109,2076,-257,2035,93
22.673,SQUAT,2650,1370,1432,-42,2210,287
22.691,SQUAT,2553,566,2043,-748,2202,433
22.703,SQUAT,2800,-262,2468,-927,2099,506
22.719,SQUAT,2613,307,2011,-401,2002,389
22.738,SQUAT,2914,864,2137,-515,1979,314
22.750,SQUAT,3333,1193,2034,-944,1958,99
22.768,SQUAT,3109,660,2160,-1390,1981,106
22.782,SQUAT,2062,-555,3016,-1416,2040,327
22.797,SQUAT,1140,-1619,2864,-971,1985,596
22.811,SQUAT,1584,-1250,3088,-625,1830,790
22.827,SQUAT,2627,-395,2844,-477,1835,664
22.835,SQUAT,2805,-258,3003,-721,1717,611
22.858,SQUAT,2437,-236,3341,-431,1781,548
22.895,SQUAT,2248,-866,3432,-524,1656,322
22.895,SQUAT,2046,-421,3937,-449,1643,504
22.902,SQUAT,2531,-861,3979,-497,1461,298
22.917,SQUAT,2584,-1187,3943,-396,1305,61
22.932,SQUAT,2636,-855,4042,-319,1097,326
22.948,SQUAT,2794,-811,4081,-265,783,137
22.962,SQUAT,2991,186,3828,-378,826,-173
22.978,SQUAT,2128,-925,3903,-790,709,216
22.984,SQUAT,2607,-1217,4237,-659,659,93
23.007,SQUAT,2737,-1458,4277,-603,635,5
23.023,SQUAT,2182,-1604,4392,-406,618,117
23.038,SQUAT,1995,-1542,4465,-289,458,39
23.052,SQUAT,1620,-1338,4346,-240,205,137
23.068,SQUAT,1902,-1494,4252,-225,26,135
23.082,SQUAT,1327,-1478,4450,-255,-201,114
23.097,SQUAT,1294,-1188,4476,-69,-240,74
23.112,SQUAT,1369,-1486,4411,1,-312,42
23.125,SQUAT,1408,-1522,4486,70,-380,-71
23.140,SQUAT,1553,-1082,4381,155,-381,-179
23.157,SQUAT,1371,-951,4199,173,-369,-223
23.172,SQUAT,1232,-985,4090,178,-475,-264
23.188,SQUAT,1228,-1010,4253,160,-641,-359
23.188,SQUAT,1438,-973,4291,222,-691,-485
23.217,SQUAT,1432,-943,4193,257,-736,-503
23.220,SQUAT,1600,-1191,3994,314,-839,-504
23.236,SQUAT,1592,-1385,3989,430,-946,-489
23.251,SQUAT,1640,-1237,4043,547,-1066,-474
23.267,SQUAT,1733,-952,4016,566,-1216,-456
23.292,SQUAT,1941,-791,3966,574,-1308,-427
23.305,SQUAT,2071,-475,3712,771,-1215,-488
23.323,SQUAT,2176,-500,3674,728,-1355,-464
23.331,SQUAT,2384,-513,3633,765,-1404,-502
23.353,SQUAT,2546,-592,3427,762,-1519,-491
23.363,SQUAT,2692,-658,3317,859,-1596,-438
23.380,SQUAT,2797,-503,3326,992,-1661,-397
23.397,SQUAT,2854,-287,3287,1074,-1724,-350
23.411,SQUAT,2939,-196,3145,1057,-1854,-288
23.426,SQUAT,2985,-31,2795,1089,-1907,-195
23.442,SQUAT,3092,-30,2402,1080,-1983,-100
23.458,SQUAT,3227,-27,2165,1059,-2030,-34
23.471,SQUAT,3337,109,2293,1020,-2037,-29
23.485,SQUAT,3473,154,2268,948,-2090,-49
23.499,SQUAT,3498,192,2014,870,-2143,-37
23.518,SQUAT,3509,191,1732,791,-2150,11
23.523,SQUAT,3424,312,1514,781,-2181,90
23.547,SQUAT,3520,448,1551,805,-2207,85
23.553,SQUAT,3443,624,1458,766,-2253,60
23.570,SQUAT,3182,833,1180,771,-2338,17
23.592,SQUAT,3110,836,1027,614,-2376,2
23.601,SQUAT,3243,901,997,456,-2237,-51
23.621,SQUAT,3116,775,955,492,-2269,-92
23.635,SQUAT,3010,456,921,492,-2227,17
23.652,SQUAT,2812,248,934,438,-2350,140
23.664,SQUAT,2920,472,896,414,-2359,124
23.680,SQUAT,2849,735,965,531,-2347,126
23.696,SQUAT,2854,596,790,602,-2373,159
23.712,SQUAT,3004,409,757,328,-2450,234
23.727,SQUAT,3107,619,616,335,-2521,175
23.728,SQUAT,3119,476,620,390,-2446,181
23.745,SQUAT,3073,-53,573,508,-2522,277
23.760,SQUAT,3488,-566,404,458,-2397,334
23.794,SQUAT,3728,-961,535,331,-2137,601
23.794,SQUAT,4323,-1074,750,415,-1961,721
23.816,SQUAT,5330,-1086,1085,309,-1564,597
23.833,SQUAT,6102,-784,1383,519,-940,188
23.840,SQUAT,5367,-377,736,1163,-456,-110
23.854,SQUAT,4468,628,123,1497,-136,-113
23.877,SQUAT,3340,1375,-1123,1398,-63,79
23.891,SQUAT,2960,1357,-1546,859,-307,347
23.902,SQUAT,3223,486,-1803,466,-514,399
23.921,SQUAT,4438,4,-1633,210,-535,160
23.934,SQUAT,4462,-400,-1309,-148,-427,82
23.952,SQUAT,4008,-709,-924,-22,-243,102
23.965,SQUAT,4001,-649,-1045,298,-83,86
23.982,SQUAT,3875,-479,-1377,378,-78,56
23.998,SQUAT,3924,-381,-1709,312,-91,4
24.012,SQUAT,3889,-221,-1874,192,-120,3
24.028,SQUAT,3875,-173,-1673,129,-62,-15
24.028,SQUAT,4000,-56,-1298,84,-18,-31
24.045,SQUAT,4123,-95,-1146,-57,6,-13
24.061,SQUAT,4073,-167,-1119,-130,38,27
24.087,SQUAT,3847,-193,-1113,-113,53,35
24.092,SQUAT,3720,-180,-1189,-77,43,5
24.107,SQUAT,3865,-72,-1142,-153,36,-13
24.124,SQUAT,4070,-11,-1070,-244,18,-38
24.138,SQUAT,4190,-194,-867,-344,40,-45
24.157,SQUAT,4040,-162,-750,-211,91,-23
24.172,SQUAT,3879,-58,-769,-144,104,-5
24.186,SQUAT,3913,-34,-809,-222,101,-3
24.201,SQUAT,4019,-40,-738,-273,100,-20
24.219,SQUAT,4060,2,-697,-255,116,-46
24.235,SQUAT,4091,-56,-701,-274,115,-67
24.249,SQUAT,4037,-179,-619,-265,111,-83
24.266,SQUAT,3982,-142,-624,-132,111,-90
24.282,SQUAT,4093,30,-594,-112,145,-82
24.298,SQUAT,4145,229,-592,-197,155,-80
24.313,SQUAT,3954,129,-739,-298,143,-74
24.327,SQUAT,3852,42,-777,-371,148,-82
24.343,SQUAT,3903,19,-867,-462,167,-89
24.345,SQUAT,4025,-59,-833,-538,240,-91
24.358,SQUAT,4186,-178,-718,-527,394,-112
24.381,SQUAT,4180,-271,-599,-447,531,-124
24.398,SQUAT,4216,-377,-601,-374,686,-143
24.407,SQUAT,4525,-362,-498,-373,862,-232
24.422,SQUAT,4445,-542,-544,-420,1027,-299
24.441,SQUAT,4074,-689,-652,-351,1124,-318
24.453,SQUAT,3920,-756,-481,-233,1210,-305
24.477,SQUAT,3882,-695,-178,-147,1348,-277
24.486,SQUAT,3915,-446,353,-166,1661,-262
24.508,SQUAT,3951,-151,705,-228,1969,-322
24.520,SQUAT,4353,492,1147,-340,2271,-466
24.533,SQUAT,4977,942,1533,-979,2624,-499
24.553,SQUAT,3692,889,243,-2098,2527,-69
24.565,SQUAT,2093,644,-1105,-2548,1961,281
24.581,SQUAT,1892,506,-422,-1883,1796,238
24.596,SQUAT,3485,472,1411,-1923,2464,250
24.612,SQUAT,4186,85,1281,-2150,2387,527
24.620,SQUAT,4138,-1466,65,-1642,2186,527
24.642,SQUAT,3261,-1721,1511,724,2558,500
24.653,SQUAT,3244,-715,1513,1657,2741,519
24.672,SQUAT,2748,1194,1372,960,2327,179
24.679,SQUAT,2762,2535,846,-48,2520,-50
24.693,SQUAT,2564,2516,2502,-1040,2483,123
24.718,SQUAT,2311,602,2104,-2120,1864,141
24.732,SQUAT,2551,39,2137,-564,2218,135
24.747,SQUAT,2852,-29,1927,-156,2309,375
24.763,SQUAT,3450,-85,1522,-348,2206,458
24.777,SQUAT,3749,-82,1477,-468,2321,541
24.791,SQUAT,3934,423,1709,-421,2344,472
24.806,SQUAT,3624,172,2001,-812,2023,279
24.822,SQUAT,2886,-250,2228,-599,2184,130
24.836,SQUAT,1944,134,2921,-500,2086,-1
24.852,SQUAT,1263,330,3281,-421,2084,81
24.867,SQUAT,1687,-244,3144,-578,1972,297
24.881,SQUAT,2505,-257,3205,-604,1893,449
24.897,SQUAT,2865,-433,2845,-511,1937,447
24.911,SQUAT,2842,-1468,2986,-726,1738,355
24.927,SQUAT,2688,-1136,3450,-410,1813,343
24.943,SQUAT,2679,-1100,3436,-555,1687,334
24.956,SQUAT,2216,-599,3680,-534,1678,541
24.970,SQUAT,2321,-522,3807,-710,1580,456
24.986,SQUAT,2035,-721,4066,-683,1424,585
25.002,SQUAT,2845,-420,4064,-401,1280,404
25.018,SQUAT,2015,-1208,4115,-260,1207,212
25.031,SQUAT,1837,-671,4397,-193,1100,320
25.041,SQUAT,1728,-880,4642,-457,970,289
25.055,SQUAT,1734,-1330,4474,-432,796,285
25.077,SQUAT,1593,-1583,4183,-328,685,306
25.088,SQUAT,1397,-1585,4081,-308,601,300
25.107,SQUAT,1311,-1674,4270,-357,418,345
25.122,SQUAT,1504,-2026,4533,-317,164,248
25.136,SQUAT,1349,-1551,4509,-119,27,199
25.150,SQUAT,1126,-1615,4573,-163,-206,137
25.166,SQUAT,786,-1043,4592,-127,-316,45
25.182,SQUAT,1188,-894,4536,-21,-234,28
25.197,SQUAT,1274,-1132,4492,117,-188,-123
25.197,SQUAT,1138,-1241,4517,109,-343,-196
25.221,SQUAT,1227,-1316,4464,135,-484,-269
25.240,SQUAT,1330,-1327,4230,233,-555,-358
25.245,SQUAT,1082,-1202,4143,249,-698,-424
25.260,SQUAT,1249,-1384,4125,249,-789,-387
25.278,SQUAT,1343,-1280,4205,308,-872,-368
25.293,SQUAT,1484,-980,4136,375,-909,-446
25.316,SQUAT,1670,-966,4059,443,-951,-520
25.324,SQUAT,1833,-860,4006,471,-996,-593
25.340,SQUAT,1744,-817,3923,512,-1060,-614
25.359,SQUAT,1966,-819,3870,470,-1142,-607
25.372,SQUAT,2007,-824,3758,429,-1217,-568
25.388,SQUAT,1939,-862,3612,486,-1293,-513
25.403,SQUAT,2023,-939,3492,582,-1348,-483
25.421,SQUAT,2405,-687,3723,556,-1411,-479
25.435,SQUAT,2587,-463,3632,639,-1399,-499
25.451,SQUAT,2749,-388,3631,638,-1455,-479
25.467,SQUAT,2753,-392,3300,719,-1535,-462
25.480,SQUAT,2730,-459,3092,839,-1589,-422
25.497,SQUAT,2664,-394,2961,890,-1723,-375
25.499,SQUAT,2695,-194,2910,924,-1791,-336
25.521,SQUAT,2871,-1,2924,921,-1829,-360
25.531,SQUAT,3036,44,2659,905,-1841,-338
25.547,SQUAT,3217,-183,2474,844,-1893,-303
25.563,SQUAT,3272,-348,2217,917,-1906,-237
25.579,SQUAT,3294,-293,2196,1007,-1878,-154
25.602,SQUAT,3230,-25,2082,1011,-1842,-57
25.612,SQUAT,3054,330,2209,1047,-1893,-64
25.627,SQUAT,3022,560,1821,967,-1959,-76
25.643,SQUAT,3178,709,1907,936,-1951,-124
25.658,SQUAT,3267,609,1674,527,-2270,-67
25.674,SQUAT,3380,535,1223,564,-2153,-73
25.691,SQUAT,3484,467,1355,608,-2009,-33
25.706,SQUAT,3436,354,1294,660,-1867,76
25.722,SQUAT,3073,339,1232,737,-1941,113
25.737,SQUAT,2882,234,1250,775,-1926,109
25.752,SQUAT,2891,404,1659,849,-2080,154
25.765,SQUAT,3056,452,914,831,-2191,218
25.780,SQUAT,3101,645,506,784,-2103,258
25.785,SQUAT,3166,865,673,852,-1948,298
25.803,SQUAT,3432,747,984,728,-1839,333
25.822,SQUAT,3278,560,1432,511,-1947,344
25.833,SQUAT,3179,277,1363,493,-1982,346
25.856,SQUAT,3108,351,1078,691,-2038,343
25.871,SQUAT,3203,614,755,1045,-2041,366
25.880,SQUAT,3472,887,580,1062,-2060,287
25.901,SQUAT,3319,1022,301,921,-2021,351
25.914,SQUAT,3719,635,503,546,-2115,404
25.928,SQUAT,3647,-113,242,93,-2292,548
25.947,SQUAT,2426,-1773,-1399,360,-2594,729
25.961,SQUAT,3208,-915,-1417,674,-2303,809
25.975,SQUAT,6970,1130,1091,-88,-1282,534
25.991,SQUAT,7029,258,2088,-882,-387,290
26.006,SQUAT,5538,-359,2443,-53,293,92
26.022,SQUAT,3818,-244,225,696,422,51
26.022,SQUAT,2896,-340,-1625,1183,270,93
26.052,SQUAT,2719,-374,-2629,981,-7,212
26.053,SQUAT,2479,-953,-2465,509,-343,622
26.070,SQUAT,4310,-728,-1705,608,-461,470
26.085,SQUAT,5260,613,-1484,218,-278,299
26.101,SQUAT,4393,1088,-1300,-766,-275,342
26.123,SQUAT,4070,587,-1112,-1285,-315,286
26.133,SQUAT,3956,-210,-1068,-1151,-312,145
26.158,SQUAT,3961,-1278,-1001,-706,-255,71
26.165,SQUAT,4066,-1947,-815,-137,-169,75
26.188,SQUAT,4282,-1934,-752,429,-69,56
26.197,SQUAT,4142,-1090,-927,765,48,14
26.212,SQUAT,3847,-203,-1207,650,60,-18
26.228,SQUAT,3681,328,-1387,379,11,-46
26.245,SQUAT,3745,568,-1351,78,-103,-10
26.260,SQUAT,3924,405,-1172,-185,-115,38
26.277,SQUAT,4027,27,-912,-399,-138,58
26.293,SQUAT,4086,-457,-831,-447,-137,58
26.307,SQUAT,4179,-752,-861,-229,-138,8
26.323,SQUAT,4183,-734,-927,52,-72,-35
26.334,SQUAT,4007,-406,-1010,240,-4,-64
26.342,SQUAT,3962,-168,-1058,176,34,-78
26.356,SQUAT,3938,-342,-1165,14,-17,-79
26.382,SQUAT,3851,-458,-1200,-1,-50,-66
26.395,SQUAT,3771,-211,-1094,54,-32,-61
26.402,SQUAT,3853,108,-987,-47,-7,-71
26.423,SQUAT,3959,-19,-924,-259,1,-83
26.443,SQUAT,4078,-344,-804,-279,19,-96
26.457,SQUAT,4090,-607,-818,-120,81,-111
26.465,SQUAT,4079,-481,-771,70,145,-119
26.481,SQUAT,4011,-277,-881,117,171,-134
26.496,SQUAT,3827,-187,-962,30,130,-137
26.511,SQUAT,3753,-230,-1009,35,85,-148
26.526,SQUAT,4002,-174,-958,38,83,-153
26.543,SQUAT,4079,84,-795,-6,114,-134
26.559,SQUAT,4166,395,-589,-52,191,-188
26.576,SQUAT,4011,406,-546,-237,302,-217
26.593,SQUAT,4034,351,-633,-336,439,-202
26.605,SQUAT,4075,132,-954,-521,555,-172
26.621,SQUAT,4012,-233,-1228,-665,612,-144
26.637,SQUAT,3847,-510,-1224,-684,682,-125
26.637,SQUAT,3858,-623,-1062,-597,719,-171
26.653,SQUAT,4121,-617,-806,-477,760,-243
26.669,SQUAT,4635,-568,-459,-407,815,-347
26.691,SQUAT,4551,-766,-720,-396,922,-350
26.701,SQUAT,4098,-530,-733,-285,982,-339
26.723,SQUAT,3808,76,-670,-216,1085,-402
26.733,SQUAT,3888,515,-562,-411,1168,-442
26.749,SQUAT,4044,397,-539,-847,1267,-367
26.764,SQUAT,3943,196,-96,-1166,1443,-336
26.780,SQUAT,3869,185,656,-1072,1660,-397
26.797,SQUAT,3873,359,1211,-933,1902,-453
26.813,SQUAT,3422,287,976,-1192,1999,-308
26.828,SQUAT,3051,134,1015,-1354,1959,-106
26.847,SQUAT,3250,241,1314,-1402,2045,-17
26.860,SQUAT,3567,644,1869,-1252,2399,33
26.875,SQUAT,3329,860,2629,-972,2559,253
26.892,SQUAT,2906,314,1702,-847,2261,418
26.907,SQUAT,2897,-49,671,-494,2059,69
26.907,SQUAT,3567,-43,688,-72,2576,-335
26.933,SQUAT,3452,353,804,128,2788,-23
26.955,SQUAT,3042,399,1509,-529,2572,314
26.955,SQUAT,2925,227,1449,-1007,2405,318
26.972,SQUAT,2758,189,1147,-186,2683,343
26.986,SQUAT,2646,-540,1934,-247,2220,417
27.012,SQUAT,3388,-587,1089,157,2261,376
27.024,SQUAT,3736,109,1311,17,2303,397
27.034,SQUAT,3616,930,1066,-278,2376,619
27.057,SQUAT,3060,1620,1894,-1078,2215,723
27.067,SQUAT,2988,1600,2546,-1665,1997,841
27.087,SQUAT,3108,518,2385,-1647,1998,586
27.098,SQUAT,2552,-114,2901,-1166,2004,376
27.113,SQUAT,2042,-412,2987,-706,2187,398
27.130,SQUAT,1416,-909,3025,-497,2150,464
27.146,SQUAT,1947,-600,3325,-97,2100,513
27.162,SQUAT,2633,-835,2786,-355,1917,315
27.178,SQUAT,3070,-1104,3094,-269,1798,387
27.193,SQUAT,3062,-363,3134,-240,1836,407
27.199,SQUAT,2545,-286,3364,-537,1760,408
27.221,SQUAT,2040,-283,3760,-867,1512,437
27.224,SQUAT,2515,-931,3958,-820,1364,384
27.240,SQUAT,2883,-1560,4113,-670,1238,206
27.259,SQUAT,2872,-1781,4153,-246,1257,176
27.283,SQUAT,2399,-968,4109,0,1242,193
27.298,SQUAT,2039,-354,4260,-192,1030,-236
27.313,SQUAT,1715,-451,4559,-563,769,150
27.327,SQUAT,2037,-844,4591,-620,565,160
27.342,SQUAT,2220,-1386,4510,-439,511,0
27.350,SQUAT,1853,-1404,4453,-315,418,-53
27.373,SQUAT,1460,-1541,4392,-292,247,-76
27.382,SQUAT,1151,-1810,4150,-304,-3,10
27.403,SQUAT,1222,-1617,4272,-189,-136,24
27.417,SQUAT,1433,-1622,4360,-145,-220,-42
27.433,SQUAT,1345,-1297,4482,48,-258,-70
27.447,SQUAT,1469,-991,4228,121,-288,-150
27.463,SQUAT,1404,-766,4067,121,-316,-224
27.480,SQUAT,1268,-889,4038,64,-447,-220
27.492,SQUAT,1451,-1102,3983,13,-580,-239
27.508,SQUAT,1756,-1228,3810,91,-594,-256
27.523,SQUAT,1596,-1349,3783,162,-644,-231
27.536,SQUAT,1607,-1294,3755,275,-671,-209
27.553,SQUAT,1712,-1239,3803,349,-690,-226
27.567,SQUAT,1749,-971,3856,412,-727,-203
27.582,SQUAT,1829,-771,3727,404,-804,-229
27.590,SQUAT,1987,-951,3719,391,-877,-260
27.612,SQUAT,2192,-947,3807,483,-885,-272
27.628,SQUAT,2198,-916,3790,492,-974,-284
27.641,SQUAT,2173,-893,3838,414,-1121,-268
27.657,SQUAT,2217,-765,3781,427,-1193,-280
27.673,SQUAT,2198,-622,3737,419,-1268,-275
27.688,SQUAT,2235,-618,3537,492,-1336,-254
27.702,SQUAT,2450,-526,3546,575,-1417,-286
27.717,SQUAT,2641,-476,3471,665,-1434,-344
27.728,SQUAT,2754,-346,3448,757,-1477,-367
27.748,SQUAT,2799,-287,3268,808,-1534,-359
27.763,SQUAT,2837,-205,3228,829,-1625,-333
27.777,SQUAT,2833,-221,3050,845,-1748,-297
27.793,SQUAT,2964,-164,2864,887,-1796,-260
27.808,SQUAT,3068,-138,2712,891,-1870,-248
27.823,SQUAT,3120,-123,2472,949,-1944,-222
27.836,SQUAT,3120,-190,2298,972,-2064,-163
27.853,SQUAT,3229,-110,2245,981,-2123,-101
27.868,SQUAT,3291,76,1970,968,-2184,-60
27.883,SQUAT,3413,390,1779,985,-2097,-12
27.898,SQUAT,3397,563,1668,962,-2109,-11
27.913,SQUAT,3314,652,1462,943,-2206,-26
27.927,SQUAT,3350,571,1369,822,-2279,-99
27.942,SQUAT,3287,437,1193,950,-2285,-69
27.958,SQUAT,3242,447,1155,877,-2304,-34
27.973,SQUAT,3233,347,972,830,-2229,14
27.987,SQUAT,3102,355,888,908,-2185,76
27.999,SQUAT,2888,499,947,861,-2261,177
28.015,SQUAT,2895,608,983,831,-2270,258
28.032,SQUAT,3014,586,795,936,-2215,261
28.048,SQUAT,3207,722,807,852,-2127,286
28.063,SQUAT,3280,824,876,655,-2037,282
28.078,SQUAT,3314,456,823,477,-1886,230
28.088,SQUAT,3099,148,1060,725,-2040,168
28.107,SQUAT,3622,6,1042,769,-2147,166
28.122,SQUAT,3846,-139,859,793,-2066,207
28.137,SQUAT,3542,-358,332,1166,-1918,322
28.148,SQUAT,3375,-153,-27,1398,-1903,477
28.167,SQUAT,3922,123,99,839,-1818,558
28.182,SQUAT,4002,-62,-115,390,-1588,528
28.198,SQUAT,3731,-326,-280,170,-1577,527
28.210,SQUAT,4989,-149,-20,-154,-1212,341
28.228,SQUAT,5923,178,427,-335,-642,-3
28.243,SQUAT,5081,-300,459,-311,-294,-36
28.258,SQUAT,4373,-210,182,172,-41,-42
28.272,SQUAT,4008,-25,-277,532,16,-70
28.288,SQUAT,3904,-174,-1020,558,-117,-81
28.303,SQUAT,3659,-620,-1541,478,-236,0
28.317,SQUAT,3586,-701,-1354,545,-344,82
28.333,SQUAT,3895,-222,-1252,311,-432,52
28.339,SQUAT,4214,132,-933,-229,-326,-6
28.363,SQUAT,4057,-4,-401,-420,-260,-60
28.378,SQUAT,4007,-314,-300,-373,-222,-89
28.393,SQUAT,4328,-610,-459,-218,-131,-129
28.408,SQUAT,4288,-990,-706,-77,-77,-179
28.423,SQUAT,3989,-965,-872,203,-56,-219
28.438,SQUAT,3801,-679,-1004,323,-49,-211
28.452,SQUAT,3700,-110,-1066,154,-76,-187
28.468,SQUAT,3690,161,-1168,-104,-121,-209
28.482,SQUAT,3984,47,-1203,-341,-154,-238
28.498,SQUAT,4081,-346,-1127,-462,-143,-205
28.512,SQUAT,4150,-653,-994,-300,-157,-236
28.527,SQUAT,3950,-608,-990,-130,-105,-249
28.543,SQUAT,3945,-236,-1063,4,-85,-273
28.558,SQUAT,3624,-46,-1075,-102,-77,-160
28.573,SQUAT,4016,268,-1055,-147,-139,-279
28.587,SQUAT,3943,226,-997,-190,-80,-264
28.602,SQUAT,3750,79,-1073,-226,-99,-146
28.618,SQUAT,3759,303,-1470,-299,-102,-16
28.633,SQUAT,3942,921,-1419,-235,-119,-54
28.646,SQUAT,3885,1023,-1268,-464,-195,-218
28.662,SQUAT,3621,733,-1171,-578,-276,-213
28.677,SQUAT,3822,505,-999,-554,-260,-115
28.693,SQUAT,3988,559,-912,-439,-203,-32
28.708,SQUAT,4126,742,-898,-332,-141,-39
28.723,SQUAT,4102,854,-890,-308,-102,-81
28.735,SQUAT,4047,806,-823,-220,-68,-146
28.753,SQUAT,4013,831,-747,-103,-116,-183
28.781,SQUAT,3935,668,-904,-88,-34,-156
28.781,SQUAT,3741,587,-1032,-19,-66,-138
28.798,SQUAT,4012,752,-994,29,3,-122
28.813,SQUAT,4080,753,-1036,72,64,-113
28.828,SQUAT,3888,598,-1009,150,62,-91
28.843,SQUAT,3713,601,-938,182,6,-40
28.858,SQUAT,4028,683,-816,188,13,12
28.873,SQUAT,4019,549,-627,100,60,61
28.887,SQUAT,4169,524,-675,99,108,79
28.903,SQUAT,3973,660,-617,114,121,30
28.917,SQUAT,3678,843,-898,254,24,-21
28.929,SQUAT,3645,1136,-1144,275,6,-3
28.948,SQUAT,3704,1361,-1228,184,25,38
28.962,SQUAT,3948,1405,-1222,-37,19,55
28.977,SQUAT,3883,996,-1259,-281,24,147
28.993,SQUAT,3670,577,-1228,-460,-104,278
29.006,SQUAT,3905,567,-1245,-450,-31,331
29.020,SQUAT,4039,643,-1151,-381,61,250
29.037,SQUAT,4058,539,-1026,-368,123,193
29.052,SQUAT,4036,419,-946,-405,191,177
29.067,SQUAT,3972,340,-938,-319,259,156
29.083,SQUAT,3890,177,-1049,-149,339,147
29.098,SQUAT,3897,65,-1116,-16,436,178
29.104,SQUAT,3929,216,-1062,47,530,206
29.125,SQUAT,4127,529,-1076,40,585,194
29.143,SQUAT,4210,742,-1105,-131,674,143
29.158,SQUAT,4115,716,-1048,-286,741,93
29.172,SQUAT,4072,503,-920,-363,794,78
29.186,SQUAT,4166,351,-718,-366,846,101
29.203,SQUAT,4553,377,-431,-396,907,86
29.217,SQUAT,4907,436,-140,-374,1156,-29
29.231,SQUAT,5119,389,-17,-392,1559,-146
29.244,SQUAT,5445,385,103,-553,1950,-219
29.263,SQUAT,5804,336,523,-710,2219,-295
29.277,SQUAT,6347,241,1363,-675,2446,-401
29.292,SQUAT,6470,351,1972,-604,2836,-475
29.306,SQUAT,5961,37,1813,-894,3283,-405
29.319,SQUAT,5420,-122,1500,-1241,3591,-301
29.338,SQUAT,5003,332,1184,-1282,3617,-288
29.353,SQUAT,4135,1261,927,-1051,3136,-449
29.367,SQUAT,3886,1806,942,-718,2512,-672
29.382,SQUAT,4370,1912,773,-809,2209,-763
29.397,SQUAT,5158,1675,765,-1433,2377,-641
29.413,SQUAT,5126,1077,935,-2202,2680,-323
29.428,SQUAT,4496,478,1490,-2723,2533,-132
29.442,SQUAT,4136,60,1797,-2531,2295,-92
29.457,SQUAT,3945,-31,1581,-2368,2271,-17
29.473,SQUAT,3741,-275,1535,-2240,2317,78
29.488,SQUAT,3204,-466,1614,-1788,2236,71
29.503,SQUAT,2887,-738,1978,-1177,2027,-38
29.518,SQUAT,3159,-708,1926,-1254,1995,-134
29.530,SQUAT,3840,-261,1848,-1663,2207,-256
29.548,SQUAT,4025,151,2172,-1662,2465,-276
29.563,SQUAT,3717,-50,2722,-1004,2530,-172
29.578,SQUAT,3845,-380,3000,-898,2615,-14
29.592,SQUAT,4552,-348,3173,-1286,2671,-43
29.606,SQUAT,4875,1150,3200,-1929,2761,-164
29.619,SQUAT,3815,1582,2809,-2142,3032,-120
29.635,SQUAT,2087,-245,2521,-2077,2995,217
29.653,SQUAT,968,-2497,2649,-1951,2948,515
29.668,SQUAT,549,-3483,2380,-1483,2883,479
29.681,SQUAT,325,-2786,2223,-875,2658,326
29.698,SQUAT,20,-1838,1451,-222,2382,406
29.713,SQUAT,-393,-1066,703,-250,1906,439
29.728,SQUAT,-724,-1112,378,-538,1382,512
29.740,SQUAT,-853,-1584,555,-176,890,492
29.758,SQUAT,-714,-1007,598,-4,394,392
29.770,SQUAT,-946,-449,362,132,-62,326
29.788,SQUAT,-1453,-653,538,246,-562,243
29.802,SQUAT,-1081,-1229,998,471,-1024,108
29.818,SQUAT,-196,-1269,1242,697,-1333,-21
29.833,SQUAT,677,-897,1687,952,-1400,-132
29.844,SQUAT,1052,-610,2118,1133,-1445,-223
29.863,SQUAT,996,-596,2437,1257,-1587,-319
29.877,SQUAT,572,-831,2557,1470,-1833,-348
29.892,SQUAT,546,-1016,2700,1750,-2080,-327
29.907,SQUAT,1214,-738,2724,1764,-2132,-297
29.920,SQUAT,2252,-251,3164,1803,-2210,-399
29.938,SQUAT,2941,217,2803,1815,-2245,-549
29.950,SQUAT,2685,526,2617,1740,-2303,-536
29.960,SQUAT,1766,482,2517,1665,-2528,-364
29.981,SQUAT,1293,358,2416,1704,-2978,-214
29.998,SQUAT,2291,525,2033,1334,-3040,-208
30.013,SQUAT,3181,694,2111,811,-3089,-427
